,omega,alpha,beta,alpha_beta_sum,converged,loglikelihood,nu
USA_macro_f1,7.73247278084907e-05,0.9999752920793794,2.4983752262841552e-05,1.0000002758316422,True,-9155.634129445156,38.75226542696049
USA_macro_f2,0.0005558987633154713,0.9999999998378561,8.136275583486625e-15,0.9999999998378643,True,-8217.876755474455,85.20941082515307
USA_real_estate_f1,0.0009981626648152236,0.9999998479213769,5.20486223608763e-12,0.9999998479265817,True,-9599.630728453027,499.0840683421566
USA_real_estate_f2,0.0003469275935818854,0.9997565641595069,0.0002370640512699973,0.9999936282107769,True,-7258.098208038152,40.5728395552764
USA_public_finance_f1,0.00038725442299830974,0.9999999865778945,4.5945468808185736e-09,0.9999999911724413,True,-9086.969440383782,288.68124710790255
USA_public_finance_f2,0.00020131435380802969,0.9999999999682964,3.035457592820814e-11,0.999999999998651,True,-3727.2812787944467,44.44897401313153
USA_external_fx_f1,0.0005136945102034794,1.0,0.0,1.0,True,-10693.907654104802,302.56117606490074
USA_external_fx_f2,0.0016923851602175962,0.9999999995235622,5.39570645901697e-10,1.0000000000631328,True,-9268.154541882835,252.70107719660993
USA_financial_markets_f1,0.003290305751504611,1.0,0.0,1.0,True,-7350.808167447276,46.57689820235899
USA_financial_markets_f2,0.0017378341443870244,1.0,0.0,1.0,True,-5062.7075217995925,215.25923916242328
USA_banking_system_f1,0.00043674254662626807,0.9591556406915308,0.0,0.9591556406915308,True,-6737.684241173323,91.7466583625631
USA_banking_system_f2,4.895207448952732e-05,1.0,0.0,1.0,True,-1567.8001206316371,20.345747910301387
USA_systemic_stress_f1,0.0037099619779582585,0.9999999954897533,5.670132159145031e-09,1.0000000011598855,True,-6255.525838872283,49.25579182462584
USA_systemic_stress_f2,0.0012720944669832191,0.9999999999904221,1.1508947352061666e-11,1.0000000000019311,True,-2366.500381423531,78.52734959855911
USA_commodities_f1,0.006652517138749001,0.9999999999999833,1.9380281515445018e-14,1.0000000000000027,True,-12979.061011026597,245.68950340385803
USA_commodities_f2,0.003003454806859286,0.9999999983640255,1.4590262999520832e-09,0.9999999998230519,True,-7007.867144767826,220.7371148107228
DEU_macro_f1,0.0003847339899345345,0.9999999985198418,1.6427420431279296e-09,1.0000000001625837,True,-13849.990861468817,347.0512882909005
DEU_macro_f2,0.0011752194570655487,0.9999999999999996,4.958591520577518e-16,1.0,True,-6884.214639801378,499.9999999559332
DEU_real_estate_f1,0.0004527415515999727,0.9799957079994048,0.02173648942259326,1.0017321974219981,False,-8875.518908256054,432.65120753412236
DEU_real_estate_f2,0.001699865807282435,0.981513047733996,0.0002979673103839572,0.98181101504438,True,-5883.036262758851,92.75892747537587
DEU_public_finance_f1,0.00916068380397774,0.9999999999967637,3.002859546572889e-12,0.9999999999997665,True,-8679.04505537135,22.5303160410345
DEU_public_finance_f2,0.003344960967876547,0.9999999999215984,3.538949998133856e-11,0.9999999999569879,True,-7159.841181714811,30.07022515097406
DEU_external_fx_f1,0.0012950677551853396,1.0,0.0,1.0,True,-11558.747409531268,310.4391550267074
DEU_external_fx_f2,0.0012855954499185513,0.9999999995266219,5.1780684077100544e-11,0.9999999995784026,True,-7523.332305259133,59.88567080096042
DEU_financial_markets_f1,0.014145288949851871,0.9999999999999999,4.2288585320933545e-16,1.0000000000000002,True,-8544.155513656653,122.1668526021355
DEU_financial_markets_f2,0.00010973290885533688,0.9999776109883891,2.4012113876648034e-05,1.0000016231022657,True,-5609.107076328481,11.201975443374259
DEU_banking_system_f1,0.0002611875025981446,0.9999999999920937,1.0402455472074067e-11,1.000000000002496,True,-9713.220894097924,499.9990870569532
DEU_banking_system_f2,0.0017564985241092393,1.0,3.4385130429238026e-17,1.0,True,-6245.763394401643,268.38715579165455
DEU_systemic_stress_f1,0.00030312248677437104,1.0,0.0,1.0,True,-8148.7336601390825,254.04299057053123
DEU_systemic_stress_f2,7.897376151299135e-06,0.9999987451808623,3.338809676594369e-07,0.9999990790618299,True,-4193.123312305676,47.721210628221925
DEU_commodities_f1,0.006652517138749001,0.9999999999999833,1.9380281515445018e-14,1.0000000000000027,True,-12979.061011026597,245.68950340385803
DEU_commodities_f2,0.003003454806859286,0.9999999983640255,1.4590262999520832e-09,0.9999999998230519,True,-7007.867144767826,220.7371148107228
FRA_macro_f1,4.855769440535692e-06,1.0,4.2470171388628634e-19,1.0,True,-11895.240604958912,499.99996329908055
FRA_macro_f2,0.00023122919312284015,0.9999999973246558,3.3727727181795924e-09,1.0000000006974286,True,-7616.954373413171,76.20388371910606
FRA_real_estate_f1,0.0006412473918712596,0.993165877699539,0.006834119981645124,0.9999999976811841,True,-9444.622426565204,499.8398604374097
FRA_real_estate_f2,4.152915481659831e-05,0.9999999986562063,3.3609831027028236e-08,1.0000000322660372,True,-6033.816654461228,301.2470331254521
FRA_public_finance_f1,0.007822595677557043,1.0,0.0,1.0,True,-8880.39964502028,25.860310180683758
FRA_public_finance_f2,0.008534181443416828,1.0,0.0,1.0,True,-8106.344682574027,34.28619277008295
FRA_external_fx_f1,0.0012950677551853396,1.0,0.0,1.0,True,-11558.747409531268,310.4391550267074
FRA_external_fx_f2,0.0012855954499185513,0.9999999995266219,5.1780684077100544e-11,0.9999999995784026,True,-7523.332305259133,59.88567080096042
FRA_financial_markets_f1,0.0044094116401913784,0.9999999989187401,5.3261097894560584e-15,0.9999999989187455,True,-6879.717033505652,32.35826066736782
FRA_financial_markets_f2,0.0009243239303328164,0.9999999999999879,1.2882968115276369e-17,0.9999999999999879,True,-4679.112443495192,119.58813799608053
FRA_banking_system_f1,0.0014229827532682784,0.9999999999999902,1.2950836696061446e-14,1.000000000000003,True,-10071.532945582945,499.6620398710334
FRA_banking_system_f2,0.0008487242256475788,0.9999999999999999,8.863222694593085e-17,1.0,True,-6185.997929512554,485.5117926228889
FRA_systemic_stress_f1,0.00030312248677437104,1.0,0.0,1.0,True,-8148.7336601390825,254.04299057053123
FRA_systemic_stress_f2,7.897376151299135e-06,0.9999987451808623,3.338809676594369e-07,0.9999990790618299,True,-4193.123312305676,47.721210628221925
FRA_commodities_f1,0.006652517138749001,0.9999999999999833,1.9380281515445018e-14,1.0000000000000027,True,-12979.061011026597,245.68950340385803
FRA_commodities_f2,0.003003454806859286,0.9999999983640255,1.4590262999520832e-09,0.9999999998230519,True,-7007.867144767826,220.7371148107228
ITA_macro_f1,0.00010250520132475971,0.999999998343367,1.692406761906466e-09,1.0000000000357736,True,-10061.717416391015,396.6317391483086
ITA_macro_f2,0.0005954320456221441,0.9999999997872159,2.7802751133721397e-10,1.0000000000652434,True,-10125.05543608488,499.995227255237
ITA_real_estate_f1,0.003251389409918716,1.0,8.347083629884311e-17,1.0,True,-12506.586194033604,479.7002407782137
ITA_real_estate_f2,1.055089819131625e-05,1.0,0.0,1.0,True,-4795.789249397414,499.9774014365769
ITA_public_finance_f1,0.006003383721570718,0.9989970373794774,2.5455790873811756e-10,0.9989970376340354,True,-11341.637394671456,499.9999990007133
ITA_public_finance_f2,0.00324870754541834,0.9999999430269871,7.750217160976832e-08,1.0000000205291588,True,-7886.943589901352,40.53932584458953
ITA_external_fx_f1,0.0012950677551853396,1.0,0.0,1.0,True,-11558.747409531268,310.4391550267074
ITA_external_fx_f2,0.0012855954499185513,0.9999999995266219,5.1780684077100544e-11,0.9999999995784026,True,-7523.332305259133,59.88567080096042
ITA_financial_markets_f1,4.6227085533195896e-06,0.9997848686108862,0.0002032163043633593,0.9999880849152496,True,-7145.910076793618,14.025612732934817
ITA_financial_markets_f2,0.0016844272895561523,0.9999999997613391,3.0744718635448006e-10,1.0000000000687863,True,-6299.47112856565,66.91715461129887
ITA_banking_system_f1,0.0017862187214431023,1.0,2.4852569865276965e-17,1.0,True,-9368.446434043966,379.3749759446977
ITA_banking_system_f2,0.0018006926316553277,0.9999998613618769,1.3117572822618784e-07,0.9999999925376052,True,-6000.481950994848,340.2087598231437
ITA_systemic_stress_f1,0.00030312248677437104,1.0,0.0,1.0,True,-8148.7336601390825,254.04299057053123
ITA_systemic_stress_f2,7.897376151299135e-06,0.9999987451808623,3.338809676594369e-07,0.9999990790618299,True,-4193.123312305676,47.721210628221925
ITA_commodities_f1,0.006652517138749001,0.9999999999999833,1.9380281515445018e-14,1.0000000000000027,True,-12979.061011026597,245.68950340385803
ITA_commodities_f2,0.003003454806859286,0.9999999983640255,1.4590262999520832e-09,0.9999999998230519,True,-7007.867144767826,220.7371148107228
ESP_macro_f1,0.002246223735410632,0.9276078329861577,0.007252055026285722,0.9348598880124434,True,-11387.455538354847,47.555634147461156
ESP_macro_f2,0.00011911230718202744,0.9999999997560068,5.162562331271398e-11,0.9999999998076324,True,-7801.298277536035,278.58440418028215
ESP_real_estate_f1,0.0033059251419447415,0.9997100453294813,0.0,0.9997100453294813,True,-9796.62043399769,169.20769580166774
ESP_real_estate_f2,0.0009982700795641486,0.999882356630589,0.00013409487090249145,1.0000164515014915,False,-5544.122814338869,84.08157656178207
ESP_public_finance_f1,0.0009243118210006175,0.9999999604798155,5.93027669843397e-08,1.0000000197825825,True,-11100.706391519037,336.66802227498243
ESP_public_finance_f2,0.0035971191750586136,0.9999999999998155,1.8972268315443945e-13,1.000000000000005,True,-8239.72542978057,69.86996716411687
ESP_external_fx_f1,0.0012950677551853396,1.0,0.0,1.0,True,-11558.747409531268,310.4391550267074
ESP_external_fx_f2,0.0012855954499185513,0.9999999995266219,5.1780684077100544e-11,0.9999999995784026,True,-7523.332305259133,59.88567080096042
ESP_financial_markets_f1,2.610886656114527e-05,1.0,0.0,1.0,True,-7183.696165433817,13.50159049958797
ESP_financial_markets_f2,0.0025723636142524204,0.9999999991598412,1.0725503699555818e-09,1.0000000002323914,True,-5180.2836827892625,194.450576581297
ESP_banking_system_f1,0.0004315363675207139,0.999999999969993,3.294523502694386e-11,1.0000000000029383,True,-9634.8549843222,225.00515489184716
ESP_banking_system_f2,7.751300040133977e-09,1.0,0.0002973850501802877,1.0002973850501804,False,-4579.720625178736,80.553955078125
ESP_systemic_stress_f1,0.00030312248677437104,1.0,0.0,1.0,True,-8148.7336601390825,254.04299057053123
ESP_systemic_stress_f2,7.897376151299135e-06,0.9999987451808623,3.338809676594369e-07,0.9999990790618299,True,-4193.123312305676,47.721210628221925
ESP_commodities_f1,0.006652517138749001,0.9999999999999833,1.9380281515445018e-14,1.0000000000000027,True,-12979.061011026597,245.68950340385803
ESP_commodities_f2,0.003003454806859286,0.9999999983640255,1.4590262999520832e-09,0.9999999998230519,True,-7007.867144767826,220.7371148107228
