Date,Value
2008-06-05,2.119
2008-06-06,2.078
2008-06-09,2.289
2008-06-10,2.495
2008-06-11,2.428
2008-06-12,2.624
2008-06-13,2.593
2008-06-16,2.629
2008-06-17,2.515
2008-06-18,2.474
2008-06-19,2.53
2008-06-20,2.442
2008-06-23,2.509
2008-06-24,2.488
2008-06-25,2.411
2008-06-26,2.344
2008-06-27,2.287
2008-06-30,2.333
2008-07-01,2.307
2008-07-02,2.342
2008-07-03,2.275
2008-07-07,2.249
2008-07-08,2.239
2008-07-09,2.161
2008-07-10,2.156
2008-07-11,2.259
2008-07-14,2.202
2008-07-15,2.13
2008-07-16,2.14
2008-07-17,2.191
2008-07-18,2.238
2008-07-21,2.207
2008-07-22,2.294
2008-07-23,2.304
2008-07-24,2.222
2008-07-25,2.278
2008-07-28,2.263
2008-07-29,2.288
2008-07-30,2.281
2008-07-31,2.254
2008-08-01,2.244
2008-08-04,2.254
2008-08-05,2.249
2008-08-06,2.233
2008-08-07,2.14
2008-08-08,2.161
2008-08-11,2.233
2008-08-12,2.135
2008-08-13,2.143
2008-08-14,2.109
2008-08-15,2.103
2008-08-18,2.103
2008-08-19,2.078
2008-08-20,2.026
2008-08-21,2.072
2008-08-22,2.129
2008-08-25,2.103
2008-08-26,2.134
2008-08-27,2.136
2008-08-28,2.151
2008-08-29,2.151
2008-09-02,2.099
2008-09-03,2.073
2008-09-04,2.027
2008-09-05,2.099
2008-09-08,2.099
2008-09-09,2.032
2008-09-10,2.021
2008-09-11,2.006
2008-09-12,2.0
2008-09-15,1.599
2008-09-16,1.651
2008-09-17,1.45
2008-09-18,1.532
2008-09-19,2.062
2008-09-22,2.031
2008-09-23,1.943
2008-09-24,1.872
2008-09-25,1.975
2008-09-26,1.836
2008-09-29,1.464
2008-09-30,1.785
2008-10-01,1.642
2008-10-02,1.398
2008-10-03,1.367
2008-10-06,1.255
2008-10-07,1.21
2008-10-08,1.235
2008-10-09,1.25
2008-10-10,1.027
2008-10-14,1.194
2008-10-15,1.073
2008-10-16,1.27
2008-10-17,1.295
2008-10-20,1.671
2008-10-21,1.569
2008-10-22,1.581
2008-10-23,1.642
2008-10-24,1.56
2008-10-27,1.509
2008-10-28,1.494
2008-10-29,1.366
2008-10-30,1.315
2008-10-31,1.33
2008-11-03,1.285
2008-11-04,1.274
2008-11-05,1.198
2008-11-06,1.132
2008-11-07,1.183
2008-11-10,1.132
2008-11-12,0.989
2008-11-13,1.137
2008-11-14,1.101
2008-11-17,1.06
2008-11-18,1.015
2008-11-19,0.947
2008-11-20,0.8
2008-11-21,0.82
2008-11-24,0.927
2008-11-25,0.937
2008-11-26,0.927
2008-11-28,0.886
2008-12-01,0.81
2008-12-02,0.749
2008-12-03,0.699
2008-12-04,0.598
2008-12-05,0.527
2008-12-08,0.502
2008-12-09,0.462
2008-12-10,0.477
2008-12-11,0.487
2008-12-12,0.457
2008-12-15,0.472
2008-12-16,0.401
2008-12-17,0.464
2008-12-18,0.398
2008-12-19,0.386
2008-12-22,0.391
2008-12-23,0.408
2008-12-24,0.388
2008-12-26,0.357
2008-12-29,0.337
2008-12-30,0.312
2008-12-31,0.342
2009-01-02,0.378
2009-01-05,0.413
2009-01-06,0.418
2009-01-07,0.418
2009-01-08,0.438
2009-01-09,0.413
2009-01-12,0.413
2009-01-13,0.388
2009-01-14,0.427
2009-01-16,0.427
2009-01-20,0.412
2009-01-21,0.435
2009-01-22,0.395
2009-01-23,0.432
2009-01-26,0.452
2009-01-27,0.457
2009-01-28,0.47
2009-01-29,0.482
2009-01-30,0.477
2009-02-02,0.492
2009-02-03,0.517
2009-02-04,0.495
2009-02-05,0.515
2009-02-06,0.53
2009-02-09,0.553
2009-02-10,0.515
2009-02-11,0.598
2009-02-12,0.593
2009-02-13,0.608
2009-02-17,0.593
2009-02-18,0.628
2009-02-19,0.652
2009-02-20,0.623
2009-02-23,0.664
2009-02-24,0.689
2009-02-25,0.722
2009-02-26,0.712
2009-02-27,0.682
2009-03-02,0.643
2009-03-03,0.636
2009-03-04,0.663
2009-03-05,0.628
2009-03-06,0.658
2009-03-09,0.668
2009-03-10,0.683
2009-03-11,0.71
2009-03-12,0.688
2009-03-13,0.675
2009-03-16,0.673
2009-03-17,0.68
2009-03-18,0.583
2009-03-19,0.588
2009-03-20,0.588
2009-03-23,0.593
2009-03-24,0.598
2009-03-25,0.583
2009-03-26,0.563
2009-03-27,0.568
2009-03-30,0.578
2009-03-31,0.547
2009-04-01,0.547
2009-04-02,0.558
2009-04-03,0.583
2009-04-06,0.568
2009-04-07,0.547
2009-04-08,0.592
2009-04-09,0.592
2009-04-13,0.576
2009-04-14,0.529
2009-04-15,0.521
2009-04-16,0.516
2009-04-17,0.556
2009-04-20,0.521
2009-04-21,0.513
2009-04-22,0.485
2009-04-23,0.465
2009-04-24,0.48
2009-04-27,0.47
2009-04-28,0.488
2009-04-29,0.467
2009-04-30,0.465
2009-05-01,0.465
2009-05-04,0.485
2009-05-05,0.48
2009-05-06,0.509
2009-05-07,0.542
2009-05-08,0.542
2009-05-11,0.514
2009-05-12,0.522
2009-05-13,0.502
2009-05-14,0.479
2009-05-15,0.471
2009-05-18,0.489
2009-05-19,0.461
2009-05-20,0.431
2009-05-21,0.436
2009-05-22,0.461
2009-05-26,0.469
2009-05-27,0.471
2009-05-28,0.458
2009-05-29,0.451
2009-06-01,0.448
2009-06-02,0.418
2009-06-03,0.442
2009-06-04,0.46
2009-06-05,0.619
2009-06-08,0.612
2009-06-09,0.543
2009-06-10,0.538
2009-06-11,0.516
2009-06-12,0.498
2009-06-15,0.477
2009-06-16,0.477
2009-06-17,0.472
2009-06-18,0.495
2009-06-19,0.482
2009-06-22,0.465
2009-06-23,0.46
2009-06-24,0.467
2009-06-25,0.424
2009-06-26,0.417
2009-06-29,0.449
2009-06-30,0.485
2009-07-01,0.54
2009-07-02,0.486
2009-07-06,0.458
2009-07-07,0.461
2009-07-08,0.441
2009-07-09,0.453
2009-07-10,0.438
2009-07-13,0.458
2009-07-14,0.456
2009-07-15,0.474
2009-07-16,0.448
2009-07-17,0.448
2009-07-20,0.451
2009-07-21,0.433
2009-07-22,0.431
2009-07-23,0.458
2009-07-24,0.433
2009-07-27,0.446
2009-07-28,0.443
2009-07-29,0.489
2009-07-30,0.479
2009-07-31,0.476
2009-08-03,0.474
2009-08-04,0.458
2009-08-05,0.471
2009-08-06,0.471
2009-08-07,0.504
2009-08-10,0.466
2009-08-11,0.451
2009-08-12,0.441
2009-08-13,0.426
2009-08-14,0.415
2009-08-17,0.415
2009-08-18,0.41
2009-08-19,0.403
2009-08-20,0.395
2009-08-21,0.41
2009-08-24,0.395
2009-08-25,0.418
2009-08-26,0.451
2009-08-27,0.441
2009-08-28,0.431
2009-08-31,0.421
2009-09-01,0.4
2009-09-02,0.39
2009-09-03,0.403
2009-09-04,0.41
2009-09-08,0.398
2009-09-09,0.385
2009-09-10,0.372
2009-09-11,0.37
2009-09-14,0.365
2009-09-15,0.37
2009-09-16,0.352
2009-09-17,0.347
2009-09-18,0.37
2009-09-21,0.362
2009-09-22,0.364
2009-09-23,0.394
2009-09-24,0.387
2009-09-25,0.407
2009-09-28,0.387
2009-09-29,0.389
2009-09-30,0.384
2009-10-01,0.344
2009-10-02,0.344
2009-10-05,0.339
2009-10-06,0.344
2009-10-07,0.321
2009-10-08,0.324
2009-10-09,0.349
2009-10-13,0.326
2009-10-14,0.321
2009-10-15,0.324
2009-10-16,0.329
2009-10-19,0.341
2009-10-20,0.326
2009-10-21,0.38
2009-10-22,0.37
2009-10-23,0.393
2009-10-26,0.403
2009-10-27,0.385
2009-10-28,0.368
2009-10-29,0.378
2009-10-30,0.352
2009-11-02,0.36
2009-11-03,0.35
2009-11-04,0.335
2009-11-05,0.322
2009-11-06,0.307
2009-11-09,0.31
2009-11-10,0.302
2009-11-12,0.292
2009-11-13,0.294
2009-11-16,0.277
2009-11-17,0.267
2009-11-18,0.289
2009-11-19,0.259
2009-11-20,0.266
2009-11-23,0.279
2009-11-24,0.261
2009-11-25,0.248
2009-11-27,0.236
2009-11-30,0.248
2009-12-01,0.243
2009-12-02,0.263
2009-12-03,0.263
2009-12-04,0.329
2009-12-07,0.291
2009-12-08,0.266
2009-12-09,0.278
2009-12-10,0.294
2009-12-11,0.311
2009-12-14,0.326
2009-12-15,0.356
2009-12-16,0.378
2009-12-17,0.337
2009-12-18,0.35
2009-12-21,0.388
2009-12-22,0.398
2009-12-23,0.398
2009-12-24,0.405
2009-12-28,0.448
2009-12-29,0.441
2009-12-30,0.418
2009-12-31,0.438
2010-01-04,0.405
2010-01-05,0.373
2010-01-06,0.362
2010-01-07,0.365
2010-01-08,0.327
2010-01-11,0.302
2010-01-12,0.297
2010-01-13,0.359
2010-01-14,0.334
2010-01-15,0.316
2010-01-19,0.314
2010-01-20,0.306
2010-01-21,0.286
2010-01-22,0.278
2010-01-25,0.289
2010-01-26,0.291
2010-01-27,0.314
2010-01-28,0.286
2010-01-29,0.281
2010-02-01,0.301
2010-02-02,0.296
2010-02-03,0.311
2010-02-04,0.283
2010-02-05,0.281
2010-02-08,0.286
2010-02-09,0.301
2010-02-10,0.364
2010-02-11,0.359
2010-02-12,0.339
2010-02-16,0.326
2010-02-17,0.339
2010-02-18,0.364
2010-02-19,0.361
2010-02-22,0.341
2010-02-23,0.329
2010-02-24,0.314
2010-02-25,0.294
2010-02-26,0.296
2010-03-01,0.296
2010-03-02,0.294
2010-03-03,0.296
2010-03-04,0.309
2010-03-05,0.334
2010-03-08,0.341
2010-03-09,0.336
2010-03-10,0.38
2010-03-11,0.393
2010-03-12,0.408
2010-03-15,0.405
2010-03-16,0.385
2010-03-17,0.375
2010-03-18,0.385
2010-03-19,0.408
2010-03-22,0.398
2010-03-23,0.387
2010-03-24,0.41
2010-03-25,0.405
2010-03-26,0.395
2010-03-29,0.39
2010-03-30,0.398
2010-03-31,0.385
2010-04-01,0.392
2010-04-02,0.423
2010-04-05,0.441
2010-04-06,0.436
2010-04-07,0.455
2010-04-08,0.447
2010-04-09,0.447
2010-04-12,0.432
2010-04-13,0.429
2010-04-14,0.432
2010-04-15,0.412
2010-04-16,0.386
2010-04-19,0.391
2010-04-20,0.404
2010-04-21,0.404
2010-04-22,0.414
2010-04-23,0.434
2010-04-26,0.424
2010-04-27,0.381
2010-04-28,0.381
2010-04-29,0.381
2010-04-30,0.381
2010-05-03,0.389
2010-05-04,0.368
2010-05-05,0.387
2010-05-06,0.352
2010-05-07,0.372
2010-05-10,0.39
2010-05-11,0.38
2010-05-12,0.38
2010-05-13,0.37
2010-05-14,0.337
2010-05-17,0.347
2010-05-18,0.327
2010-05-19,0.337
2010-05-20,0.314
2010-05-21,0.332
2010-05-24,0.337
2010-05-25,0.326
2010-05-26,0.339
2010-05-27,0.344
2010-05-28,0.321
2010-06-01,0.321
2010-06-02,0.326
2010-06-03,0.374
2010-06-04,0.331
2010-06-07,0.328
2010-06-08,0.326
2010-06-09,0.313
2010-06-10,0.326
2010-06-11,0.298
2010-06-14,0.288
2010-06-15,0.29
2010-06-16,0.275
2010-06-17,0.265
2010-06-18,0.27
2010-06-21,0.273
2010-06-22,0.27
2010-06-23,0.275
2010-06-24,0.275
2010-06-25,0.275
2010-06-28,0.273
2010-06-29,0.273
2010-06-30,0.316
2010-07-01,0.31
2010-07-02,0.306
2010-07-06,0.305
2010-07-07,0.298
2010-07-08,0.29
2010-07-09,0.288
2010-07-12,0.29
2010-07-13,0.293
2010-07-14,0.268
2010-07-15,0.257
2010-07-16,0.252
2010-07-19,0.255
2010-07-20,0.252
2010-07-21,0.242
2010-07-22,0.247
2010-07-23,0.255
2010-07-26,0.262
2010-07-27,0.278
2010-07-28,0.296
2010-07-29,0.291
2010-07-30,0.283
2010-08-02,0.276
2010-08-03,0.258
2010-08-04,0.261
2010-08-05,0.253
2010-08-06,0.245
2010-08-09,0.248
2010-08-10,0.243
2010-08-11,0.235
2010-08-12,0.238
2010-08-13,0.238
2010-08-16,0.238
2010-08-17,0.243
2010-08-18,0.24
2010-08-19,0.238
2010-08-20,0.238
2010-08-23,0.243
2010-08-24,0.245
2010-08-25,0.263
2010-08-26,0.258
2010-08-27,0.258
2010-08-30,0.245
2010-08-31,0.233
2010-09-01,0.238
2010-09-02,0.233
2010-09-03,0.235
2010-09-07,0.233
2010-09-08,0.233
2010-09-09,0.24
2010-09-10,0.245
2010-09-13,0.245
2010-09-14,0.243
2010-09-15,0.238
2010-09-16,0.243
2010-09-17,0.243
2010-09-20,0.245
2010-09-21,0.263
2010-09-22,0.254
2010-09-23,0.249
2010-09-24,0.251
2010-09-27,0.251
2010-09-28,0.256
2010-09-29,0.251
2010-09-30,0.251
2010-10-01,0.246
2010-10-04,0.241
2010-10-05,0.236
2010-10-06,0.226
2010-10-07,0.206
2010-10-08,0.196
2010-10-12,0.201
2010-10-13,0.201
2010-10-14,0.208
2010-10-15,0.208
2010-10-18,0.216
2010-10-19,0.216
2010-10-20,0.221
2010-10-21,0.219
2010-10-22,0.214
2010-10-25,0.211
2010-10-26,0.224
2010-10-27,0.224
2010-10-28,0.219
2010-10-29,0.209
2010-11-01,0.204
2010-11-02,0.206
2010-11-03,0.201
2010-11-04,0.196
2010-11-05,0.206
2010-11-08,0.216
2010-11-09,0.229
2010-11-10,0.229
2010-11-12,0.252
2010-11-15,0.269
2010-11-16,0.259
2010-11-17,0.259
2010-11-18,0.259
2010-11-19,0.259
2010-11-22,0.254
2010-11-23,0.248
2010-11-24,0.271
2010-11-26,0.269
2010-11-29,0.269
2010-11-30,0.261
2010-12-01,0.273
2010-12-02,0.271
2010-12-03,0.256
2010-12-06,0.241
2010-12-07,0.256
2010-12-08,0.271
2010-12-09,0.273
2010-12-10,0.271
2010-12-13,0.271
2010-12-14,0.276
2010-12-15,0.305
2010-12-16,0.3
2010-12-17,0.292
2010-12-20,0.292
2010-12-21,0.287
2010-12-22,0.287
2010-12-23,0.287
2010-12-27,0.292
2010-12-28,0.292
2010-12-29,0.274
2010-12-30,0.272
2010-12-31,0.267
2011-01-03,0.269
2011-01-04,0.267
2011-01-05,0.287
2011-01-06,0.284
2011-01-07,0.272
2011-01-10,0.267
2011-01-11,0.257
2011-01-12,0.261
2011-01-13,0.254
2011-01-14,0.259
2011-01-18,0.256
2011-01-19,0.254
2011-01-20,0.261
2011-01-21,0.261
2011-01-24,0.261
2011-01-25,0.258
2011-01-26,0.261
2011-01-27,0.241
2011-01-28,0.233
2011-01-31,0.241
2011-02-01,0.246
2011-02-02,0.261
2011-02-03,0.271
2011-02-04,0.273
2011-02-07,0.278
2011-02-08,0.288
2011-02-09,0.299
2011-02-10,0.294
2011-02-11,0.289
2011-02-14,0.286
2011-02-15,0.286
2011-02-16,0.281
2011-02-17,0.264
2011-02-18,0.261
2011-02-22,0.253
2011-02-23,0.246
2011-02-24,0.238
2011-02-25,0.241
2011-02-28,0.241
2011-03-01,0.231
2011-03-02,0.236
2011-03-03,0.251
2011-03-04,0.233
2011-03-07,0.236
2011-03-08,0.236
2011-03-09,0.248
2011-03-10,0.233
2011-03-11,0.228
2011-03-14,0.218
2011-03-15,0.223
2011-03-16,0.21
2011-03-17,0.218
2011-03-18,0.218
2011-03-21,0.23
2011-03-22,0.233
2011-03-23,0.233
2011-03-24,0.243
2011-03-25,0.263
2011-03-28,0.276
2011-03-29,0.281
2011-03-30,0.271
2011-03-31,0.273
2011-04-01,0.235
2011-04-04,0.195
2011-04-05,0.243
2011-04-06,0.28
2011-04-07,0.257
2011-04-08,0.257
2011-04-11,0.252
2011-04-12,0.237
2011-04-13,0.227
2011-04-14,0.242
2011-04-15,0.227
2011-04-18,0.217
2011-04-19,0.217
2011-04-20,0.217
2011-04-21,0.212
2011-04-25,0.207
2011-04-26,0.202
2011-04-27,0.202
2011-04-28,0.197
2011-04-29,0.187
2011-05-02,0.187
2011-05-03,0.171
2011-05-04,0.187
2011-05-05,0.177
2011-05-06,0.169
2011-05-09,0.164
2011-05-10,0.172
2011-05-11,0.169
2011-05-12,0.169
2011-05-13,0.167
2011-05-16,0.167
2011-05-17,0.167
2011-05-18,0.175
2011-05-19,0.172
2011-05-20,0.167
2011-05-23,0.172
2011-05-24,0.172
2011-05-25,0.169
2011-05-26,0.162
2011-05-27,0.157
2011-05-31,0.164
2011-06-01,0.159
2011-06-02,0.184
2011-06-03,0.174
2011-06-06,0.171
2011-06-07,0.167
2011-06-08,0.164
2011-06-09,0.177
2011-06-10,0.171
2011-06-13,0.167
2011-06-14,0.176
2011-06-15,0.166
2011-06-16,0.164
2011-06-17,0.164
2011-06-20,0.164
2011-06-21,0.164
2011-06-22,0.151
2011-06-23,0.141
2011-06-24,0.144
2011-06-27,0.159
2011-06-28,0.182
2011-06-29,0.189
2011-06-30,0.192
2011-07-01,0.192
2011-07-05,0.182
2011-07-06,0.177
2011-07-07,0.187
2011-07-08,0.164
2011-07-11,0.156
2011-07-12,0.159
2011-07-13,0.151
2011-07-14,0.144
2011-07-15,0.146
2011-07-18,0.146
2011-07-19,0.166
2011-07-20,0.166
2011-07-21,0.174
2011-07-22,0.174
2011-07-25,0.184
2011-07-26,0.192
2011-07-27,0.207
2011-07-28,0.205
2011-07-29,0.205
2011-08-01,0.197
2011-08-02,0.157
2011-08-03,0.149
2011-08-04,0.104
2011-08-05,0.111
2011-08-08,0.119
2011-08-09,0.106
2011-08-10,0.094
2011-08-11,0.104
2011-08-12,0.101
2011-08-15,0.106
2011-08-16,0.101
2011-08-17,0.094
2011-08-18,0.089
2011-08-19,0.089
2011-08-22,0.078
2011-08-23,0.068
2011-08-24,0.099
2011-08-25,0.091
2011-08-26,0.089
2011-08-29,0.091
2011-08-30,0.091
2011-08-31,0.101
2011-09-01,0.099
2011-09-02,0.106
2011-09-06,0.111
2011-09-07,0.101
2011-09-08,0.101
2011-09-09,0.091
2011-09-12,0.096
2011-09-13,0.094
2011-09-14,0.086
2011-09-15,0.089
2011-09-16,0.078
2011-09-19,0.073
2011-09-20,0.071
2011-09-21,0.101
2011-09-22,0.096
2011-09-23,0.096
2011-09-26,0.098
2011-09-27,0.101
2011-09-28,0.101
2011-09-29,0.103
2011-09-30,0.108
2011-10-03,0.101
2011-10-04,0.101
2011-10-05,0.09
2011-10-06,0.078
2011-10-07,0.095
2011-10-10,0.099
2011-10-11,0.101
2011-10-12,0.09
2011-10-13,0.095
2011-10-14,0.101
2011-10-17,0.103
2011-10-18,0.105
2011-10-19,0.113
2011-10-20,0.113
2011-10-21,0.111
2011-10-24,0.111
2011-10-25,0.111
2011-10-26,0.116
2011-10-27,0.121
2011-10-28,0.116
2011-10-31,0.108
2011-11-01,0.106
2011-11-02,0.101
2011-11-03,0.098
2011-11-04,0.088
2011-11-07,0.081
2011-11-08,0.086
2011-11-09,0.086
2011-11-10,0.086
2011-11-11,0.086
2011-11-14,0.086
2011-11-15,0.091
2011-11-16,0.101
2011-11-17,0.101
2011-11-18,0.103
2011-11-21,0.106
2011-11-22,0.108
2011-11-23,0.111
2011-11-25,0.116
2011-11-28,0.113
2011-11-29,0.113
2011-11-30,0.108
2011-12-01,0.103
2011-12-02,0.101
2011-12-05,0.101
2011-12-06,0.101
2011-12-07,0.09
2011-12-08,0.09
2011-12-09,0.088
2011-12-12,0.085
2011-12-13,0.095
2011-12-14,0.111
2011-12-15,0.108
2011-12-16,0.108
2011-12-19,0.108
2011-12-20,0.108
2011-12-21,0.111
2011-12-22,0.108
2011-12-23,0.111
2011-12-27,0.108
2011-12-28,0.106
2011-12-29,0.106
2011-12-30,0.108
2012-01-03,0.106
2012-01-04,0.103
2012-01-05,0.101
2012-01-06,0.096
2012-01-09,0.096
2012-01-10,0.093
2012-01-11,0.103
2012-01-12,0.101
2012-01-13,0.101
2012-01-17,0.101
2012-01-18,0.103
2012-01-19,0.106
2012-01-20,0.106
2012-01-23,0.106
2012-01-24,0.106
2012-01-25,0.101
2012-01-26,0.106
2012-01-27,0.111
2012-01-30,0.116
2012-01-31,0.113
2012-02-01,0.118
2012-02-02,0.128
2012-02-03,0.126
2012-02-06,0.126
2012-02-07,0.131
2012-02-08,0.143
2012-02-09,0.148
2012-02-10,0.151
2012-02-13,0.166
2012-02-14,0.169
2012-02-15,0.156
2012-02-16,0.158
2012-02-17,0.158
2012-02-21,0.158
2012-02-22,0.156
2012-02-23,0.156
2012-02-24,0.161
2012-02-27,0.163
2012-02-28,0.161
2012-02-29,0.161
2012-03-01,0.163
2012-03-02,0.156
2012-03-03,0.156
2012-03-05,0.158
2012-03-06,0.158
2012-03-07,0.177
2012-03-08,0.182
2012-03-09,0.182
2012-03-10,0.182
2012-03-12,0.185
2012-03-13,0.195
2012-03-14,0.205
2012-03-15,0.2
2012-03-16,0.197
2012-03-17,0.197
2012-03-19,0.202
2012-03-20,0.205
2012-03-21,0.192
2012-03-22,0.185
2012-03-23,0.177
2012-03-24,0.177
2012-03-26,0.177
2012-03-27,0.167
2012-03-28,0.169
2012-03-29,0.172
2012-03-30,0.172
2012-03-31,0.172
2012-04-02,0.175
2012-04-03,0.19
2012-04-04,0.189
2012-04-05,0.189
2012-04-06,0.189
2012-04-07,0.189
2012-04-09,0.189
2012-04-10,0.182
2012-04-11,0.182
2012-04-12,0.177
2012-04-13,0.169
2012-04-14,0.169
2012-04-16,0.169
2012-04-17,0.167
2012-04-18,0.161
2012-04-19,0.161
2012-04-20,0.161
2012-04-21,0.161
2012-04-23,0.161
2012-04-24,0.171
2012-04-25,0.169
2012-04-26,0.169
2012-04-27,0.174
2012-04-28,0.174
2012-04-30,0.179
2012-05-01,0.182
2012-05-02,0.182
2012-05-03,0.182
2012-05-04,0.175
2012-05-05,0.175
2012-05-07,0.175
2012-05-08,0.175
2012-05-09,0.177
2012-05-10,0.177
2012-05-11,0.177
2012-05-12,0.177
2012-05-14,0.18
2012-05-15,0.182
2012-05-16,0.185
2012-05-17,0.19
2012-05-18,0.192
2012-05-19,0.192
2012-05-21,0.19
2012-05-22,0.192
2012-05-23,0.19
2012-05-24,0.192
2012-05-25,0.192
2012-05-26,0.192
2012-05-28,0.192
2012-05-29,0.185
2012-05-30,0.177
2012-05-31,0.18
2012-06-01,0.175
2012-06-02,0.175
2012-06-04,0.175
2012-06-05,0.175
2012-06-06,0.175
2012-06-07,0.172
2012-06-08,0.172
2012-06-09,0.172
2012-06-11,0.172
2012-06-12,0.177
2012-06-13,0.172
2012-06-14,0.175
2012-06-15,0.169
2012-06-16,0.169
2012-06-18,0.172
2012-06-19,0.172
2012-06-20,0.175
2012-06-21,0.172
2012-06-22,0.175
2012-06-23,0.175
2012-06-25,0.175
2012-06-26,0.185
2012-06-27,0.207
2012-06-28,0.207
2012-06-29,0.207
2012-06-30,0.207
2012-07-02,0.202
2012-07-03,0.202
2012-07-04,0.202
2012-07-05,0.194
2012-07-06,0.187
2012-07-07,0.187
2012-07-09,0.187
2012-07-10,0.187
2012-07-11,0.187
2012-07-12,0.187
2012-07-13,0.171
2012-07-14,0.171
2012-07-16,0.167
2012-07-17,0.171
2012-07-18,0.164
2012-07-19,0.161
2012-07-20,0.156
2012-07-21,0.156
2012-07-23,0.159
2012-07-24,0.166
2012-07-25,0.172
2012-07-26,0.172
2012-07-27,0.175
2012-07-28,0.175
2012-07-30,0.169
2012-07-31,0.162
2012-08-01,0.162
2012-08-02,0.162
2012-08-03,0.164
2012-08-04,0.164
2012-08-06,0.164
2012-08-07,0.175
2012-08-08,0.177
2012-08-09,0.18
2012-08-10,0.172
2012-08-11,0.172
2012-08-13,0.177
2012-08-14,0.18
2012-08-15,0.182
2012-08-16,0.182
2012-08-17,0.182
2012-08-18,0.182
2012-08-20,0.182
2012-08-21,0.195
2012-08-22,0.185
2012-08-23,0.18
2012-08-24,0.18
2012-08-25,0.18
2012-08-27,0.177
2012-08-28,0.177
2012-08-29,0.175
2012-08-30,0.172
2012-08-31,0.159
2012-09-01,0.159
2012-09-04,0.162
2012-09-05,0.162
2012-09-06,0.169
2012-09-07,0.164
2012-09-08,0.164
2012-09-10,0.162
2012-09-11,0.162
2012-09-12,0.162
2012-09-13,0.157
2012-09-14,0.164
2012-09-15,0.164
2012-09-17,0.169
2012-09-18,0.169
2012-09-19,0.178
2012-09-20,0.178
2012-09-21,0.176
2012-09-22,0.176
2012-09-24,0.171
2012-09-25,0.171
2012-09-26,0.166
2012-09-27,0.161
2012-09-28,0.155
2012-09-29,0.155
2012-10-01,0.158
2012-10-02,0.158
2012-10-03,0.155
2012-10-04,0.158
2012-10-05,0.163
2012-10-06,0.163
2012-10-09,0.166
2012-10-10,0.168
2012-10-11,0.173
2012-10-12,0.173
2012-10-13,0.173
2012-10-15,0.17
2012-10-16,0.17
2012-10-17,0.186
2012-10-18,0.181
2012-10-19,0.179
2012-10-20,0.179
2012-10-22,0.181
2012-10-23,0.179
2012-10-24,0.179
2012-10-25,0.181
2012-10-26,0.176
2012-10-27,0.176
2012-10-29,0.174
2012-10-30,0.174
2012-10-31,0.174
2012-11-01,0.174
2012-11-02,0.176
2012-11-03,0.176
2012-11-05,0.174
2012-11-06,0.178
2012-11-07,0.171
2012-11-08,0.174
2012-11-09,0.174
2012-11-10,0.174
2012-11-13,0.174
2012-11-14,0.171
2012-11-15,0.173
2012-11-16,0.168
2012-11-17,0.168
2012-11-19,0.171
2012-11-20,0.171
2012-11-21,0.173
2012-11-22,0.173
2012-11-23,0.176
2012-11-24,0.176
2012-11-26,0.17
2012-11-27,0.17
2012-11-28,0.168
2012-11-29,0.168
2012-11-30,0.168
2012-12-01,0.168
2012-12-03,0.17
2012-12-04,0.17
2012-12-05,0.166
2012-12-06,0.168
2012-12-07,0.168
2012-12-08,0.168
2012-12-10,0.163
2012-12-11,0.15
2012-12-12,0.154
2012-12-13,0.143
2012-12-14,0.131
2012-12-15,0.131
2012-12-17,0.136
2012-12-18,0.156
2012-12-19,0.151
2012-12-20,0.148
2012-12-21,0.148
2012-12-22,0.148
2012-12-24,0.148
2012-12-25,0.148
2012-12-26,0.148
2012-12-27,0.143
2012-12-28,0.141
2012-12-29,0.141
2012-12-31,0.143
2013-01-01,0.143
2013-01-02,0.141
2013-01-03,0.141
2013-01-04,0.138
2013-01-05,0.138
2013-01-07,0.136
2013-01-08,0.136
2013-01-09,0.135
2013-01-10,0.135
2013-01-11,0.135
2013-01-12,0.135
2013-01-14,0.138
2013-01-15,0.138
2013-01-16,0.138
2013-01-17,0.143
2013-01-18,0.135
2013-01-19,0.135
2013-01-22,0.135
2013-01-23,0.135
2013-01-24,0.133
2013-01-25,0.14
2013-01-26,0.14
2013-01-28,0.14
2013-01-29,0.138
2013-01-30,0.135
2013-01-31,0.135
2013-02-01,0.135
2013-02-02,0.135
2013-02-04,0.133
2013-02-05,0.135
2013-02-06,0.146
2013-02-07,0.146
2013-02-08,0.146
2013-02-09,0.146
2013-02-11,0.148
2013-02-12,0.15
2013-02-13,0.15
2013-02-14,0.153
2013-02-15,0.153
2013-02-16,0.153
2013-02-19,0.155
2013-02-20,0.153
2013-02-21,0.153
2013-02-22,0.155
2013-02-23,0.155
2013-02-25,0.153
2013-02-26,0.15
2013-02-27,0.153
2013-02-28,0.153
2013-03-01,0.15
2013-03-02,0.15
2013-03-04,0.15
2013-03-05,0.148
2013-03-06,0.154
2013-03-07,0.154
2013-03-08,0.152
2013-03-09,0.152
2013-03-11,0.152
2013-03-12,0.152
2013-03-13,0.147
2013-03-14,0.147
2013-03-15,0.144
2013-03-16,0.144
2013-03-18,0.139
2013-03-19,0.134
2013-03-20,0.134
2013-03-21,0.132
2013-03-22,0.132
2013-03-23,0.132
2013-03-25,0.132
2013-03-26,0.132
2013-03-27,0.126
2013-03-28,0.129
2013-03-29,0.129
2013-04-01,0.132
2013-04-02,0.132
2013-04-03,0.131
2013-04-04,0.134
2013-04-05,0.131
2013-04-08,0.129
2013-04-09,0.129
2013-04-10,0.126
2013-04-11,0.124
2013-04-12,0.119
2013-04-13,0.119
2013-04-15,0.116
2013-04-16,0.116
2013-04-17,0.113
2013-04-18,0.111
2013-04-19,0.111
2013-04-20,0.111
2013-04-22,0.108
2013-04-23,0.108
2013-04-24,0.106
2013-04-25,0.106
2013-04-26,0.106
2013-04-27,0.106
2013-04-29,0.103
2013-04-30,0.103
2013-05-01,0.109
2013-05-02,0.106
2013-05-03,0.111
2013-05-04,0.111
2013-05-06,0.106
2013-05-07,0.106
2013-05-08,0.106
2013-05-09,0.106
2013-05-10,0.111
2013-05-11,0.111
2013-05-13,0.111
2013-05-14,0.111
2013-05-15,0.111
2013-05-16,0.106
2013-05-17,0.106
2013-05-18,0.106
2013-05-20,0.109
2013-05-21,0.104
2013-05-22,0.106
2013-05-23,0.106
2013-05-24,0.109
2013-05-25,0.109
2013-05-28,0.119
2013-05-29,0.126
2013-05-30,0.129
2013-05-31,0.137
2013-06-01,0.137
2013-06-03,0.134
2013-06-04,0.134
2013-06-05,0.132
2013-06-06,0.132
2013-06-07,0.126
2013-06-08,0.126
2013-06-10,0.126
2013-06-11,0.129
2013-06-12,0.126
2013-06-13,0.121
2013-06-14,0.116
2013-06-15,0.116
2013-06-17,0.116
2013-06-18,0.119
2013-06-19,0.124
2013-06-20,0.121
2013-06-21,0.124
2013-06-22,0.124
2013-06-24,0.134
2013-06-25,0.137
2013-06-26,0.162
2013-06-27,0.151
2013-06-28,0.146
2013-06-29,0.146
2013-07-01,0.144
2013-07-02,0.134
2013-07-03,0.134
2013-07-04,0.134
2013-07-05,0.141
2013-07-06,0.141
2013-07-08,0.126
2013-07-09,0.124
2013-07-10,0.121
2013-07-11,0.111
2013-07-12,0.111
2013-07-13,0.111
2013-07-15,0.098
2013-07-16,0.093
2013-07-17,0.096
2013-07-18,0.098
2013-07-19,0.098
2013-07-20,0.098
2013-07-22,0.096
2013-07-23,0.098
2013-07-24,0.121
2013-07-25,0.114
2013-07-26,0.111
2013-07-27,0.111
2013-07-29,0.111
2013-07-30,0.111
2013-07-31,0.111
2013-08-01,0.114
2013-08-02,0.106
2013-08-03,0.106
2013-08-05,0.109
2013-08-06,0.109
2013-08-07,0.106
2013-08-08,0.104
2013-08-09,0.106
2013-08-10,0.106
2013-08-12,0.106
2013-08-13,0.111
2013-08-14,0.109
2013-08-15,0.116
2013-08-16,0.116
2013-08-19,0.121
2013-08-20,0.119
2013-08-21,0.139
2013-08-22,0.132
2013-08-23,0.129
2013-08-26,0.129
2013-08-27,0.124
2013-08-28,0.124
2013-08-29,0.121
2013-08-30,0.121
2013-09-02,0.124
2013-09-03,0.124
2013-09-04,0.134
2013-09-05,0.144
2013-09-06,0.129
2013-09-07,0.129
2013-09-09,0.111
2013-09-10,0.114
2013-09-11,0.111
2013-09-12,0.106
2013-09-13,0.109
2013-09-16,0.104
2013-09-17,0.106
2013-09-18,0.105
2013-09-19,0.103
2013-09-20,0.103
2013-09-23,0.1
2013-09-24,0.1
2013-09-25,0.1
2013-09-26,0.093
2013-09-27,0.09
2013-09-30,0.09
2013-10-01,0.095
2013-10-02,0.09
2013-10-03,0.095
2013-10-04,0.098
2013-10-07,0.105
2013-10-08,0.135
2013-10-09,0.14
2013-10-10,0.132
2013-10-11,0.129
2013-10-14,0.13
2013-10-15,0.152
2013-10-16,0.134
2013-10-17,0.129
2013-10-18,0.122
2013-10-21,0.114
2013-10-22,0.101
2013-10-23,0.101
2013-10-24,0.104
2013-10-25,0.101
2013-10-28,0.101
2013-10-29,0.101
2013-10-30,0.101
2013-10-31,0.096
2013-11-01,0.094
2013-11-04,0.096
2013-11-05,0.104
2013-11-06,0.096
2013-11-07,0.099
2013-11-08,0.107
2013-11-11,0.108
2013-11-12,0.109
2013-11-13,0.134
2013-11-14,0.127
2013-11-15,0.127
2013-11-18,0.129
2013-11-19,0.132
2013-11-20,0.122
2013-11-21,0.122
2013-11-22,0.122
2013-11-25,0.122
2013-11-26,0.122
2013-11-27,0.122
2013-11-28,0.12
2013-11-29,0.119
2013-12-02,0.122
2013-12-03,0.122
2013-12-04,0.124
2013-12-05,0.124
2013-12-06,0.124
2013-12-09,0.122
2013-12-10,0.114
2013-12-11,0.134
2013-12-12,0.137
2013-12-13,0.137
2013-12-16,0.134
2013-12-17,0.134
2013-12-18,0.132
2013-12-19,0.134
2013-12-20,0.134
2013-12-23,0.129
2013-12-24,0.129
2013-12-25,0.131
2013-12-26,0.124
2013-12-27,0.117
2013-12-30,0.117
2013-12-31,0.117
2014-01-01,0.116
2014-01-02,0.112
2014-01-03,0.114
2014-01-06,0.109
2014-01-07,0.104
2014-01-08,0.129
2014-01-09,0.127
2014-01-10,0.119
2014-01-13,0.112
2014-01-14,0.112
2014-01-15,0.117
2014-01-16,0.107
2014-01-17,0.107
2014-01-20,0.108
2014-01-21,0.107
2014-01-22,0.104
2014-01-23,0.099
2014-01-24,0.107
2014-01-27,0.107
2014-01-28,0.104
2014-01-29,0.099
2014-01-30,0.094
2014-01-31,0.091
2014-02-03,0.091
2014-02-04,0.109
2014-02-05,0.119
2014-02-06,0.124
2014-02-07,0.119
2014-02-10,0.117
2014-02-11,0.119
2014-02-12,0.119
2014-02-13,0.114
2014-02-14,0.104
2014-02-17,0.105
2014-02-18,0.099
2014-02-19,0.104
2014-02-20,0.109
2014-02-21,0.107
2014-02-24,0.104
2014-02-25,0.101
2014-02-26,0.101
2014-02-27,0.101
2014-02-28,0.107
2014-03-03,0.104
2014-03-04,0.107
2014-03-05,0.124
2014-03-06,0.124
2014-03-07,0.127
2014-03-10,0.126
2014-03-11,0.124
2014-03-12,0.119
2014-03-13,0.119
2014-03-14,0.119
2014-03-17,0.122
2014-03-18,0.122
2014-03-19,0.132
2014-03-20,0.134
2014-03-21,0.129
2014-03-24,0.129
2014-03-25,0.122
2014-03-26,0.119
2014-03-27,0.114
2014-03-28,0.119
2014-03-31,0.119
2014-04-01,0.114
2014-04-02,0.122
2014-04-03,0.109
2014-04-04,0.107
2014-04-07,0.101
2014-04-08,0.101
2014-04-09,0.096
2014-04-10,0.091
2014-04-11,0.094
2014-04-14,0.096
2014-04-15,0.091
2014-04-16,0.091
2014-04-17,0.094
2014-04-21,0.094
2014-04-22,0.094
2014-04-23,0.094
2014-04-24,0.094
2014-04-25,0.091
2014-04-28,0.094
2014-04-29,0.094
2014-04-30,0.107
2014-05-01,0.101
2014-05-02,0.104
2014-05-05,0.099
2014-05-06,0.101
2014-05-07,0.099
2014-05-08,0.094
2014-05-09,0.096
2014-05-12,0.096
2014-05-13,0.094
2014-05-14,0.086
2014-05-15,0.081
2014-05-16,0.081
2014-05-19,0.081
2014-05-20,0.079
2014-05-21,0.081
2014-05-22,0.081
2014-05-23,0.081
2014-05-26,0.081
2014-05-27,0.081
2014-05-28,0.076
2014-05-29,0.096
2014-05-30,0.099
2014-06-02,0.101
2014-06-03,0.099
2014-06-04,0.099
2014-06-05,0.096
2014-06-06,0.096
2014-06-09,0.096
2014-06-10,0.101
2014-06-11,0.099
2014-06-12,0.096
2014-06-13,0.104
2014-06-16,0.101
2014-06-17,0.096
2014-06-18,0.091
2014-06-19,0.086
2014-06-20,0.081
2014-06-23,0.084
2014-06-24,0.084
2014-06-25,0.104
2014-06-26,0.099
2014-06-27,0.104
2014-06-30,0.107
2014-07-01,0.107
2014-07-02,0.109
2014-07-03,0.104
2014-07-07,0.104
2014-07-08,0.094
2014-07-09,0.096
2014-07-10,0.091
2014-07-11,0.094
2014-07-12,0.093
2014-07-14,0.091
2014-07-15,0.094
2014-07-16,0.094
2014-07-17,0.086
2014-07-18,0.084
2014-07-21,0.089
2014-07-22,0.089
2014-07-23,0.107
2014-07-24,0.109
2014-07-25,0.107
2014-07-28,0.106
2014-07-29,0.107
2014-07-30,0.114
2014-07-31,0.114
2014-08-01,0.109
2014-08-02,0.109
2014-08-04,0.104
2014-08-05,0.104
2014-08-06,0.099
2014-08-07,0.091
2014-08-08,0.091
2014-08-11,0.091
2014-08-12,0.094
2014-08-13,0.084
2014-08-14,0.081
2014-08-15,0.079
2014-08-18,0.084
2014-08-19,0.084
2014-08-20,0.114
2014-08-21,0.101
2014-08-22,0.101
2014-08-25,0.101
2014-08-26,0.099
2014-08-27,0.099
2014-08-28,0.094
2014-08-29,0.089
2014-09-01,0.094
2014-09-02,0.094
2014-09-03,0.091
2014-09-04,0.091
2014-09-05,0.089
2014-09-08,0.089
2014-09-09,0.094
2014-09-10,0.096
2014-09-11,0.091
2014-09-12,0.089
2014-09-13,0.091
2014-09-15,0.089
2014-09-16,0.096
2014-09-17,0.129
2014-09-18,0.119
2014-09-19,0.114
2014-09-22,0.101
2014-09-23,0.096
2014-09-24,0.101
2014-09-25,0.094
2014-09-26,0.096
2014-09-27,0.095
2014-09-29,0.096
2014-09-30,0.099
2014-10-01,0.089
2014-10-02,0.091
2014-10-03,0.096
2014-10-06,0.091
2014-10-07,0.089
2014-10-08,0.084
2014-10-09,0.084
2014-10-10,0.084
2014-10-13,0.083
2014-10-14,0.074
2014-10-15,0.076
2014-10-16,0.101
2014-10-17,0.101
2014-10-20,0.099
2014-10-21,0.099
2014-10-22,0.099
2014-10-23,0.099
2014-10-24,0.099
2014-10-27,0.099
2014-10-28,0.099
2014-10-29,0.109
2014-10-30,0.104
2014-10-31,0.099
2014-11-03,0.096
2014-11-04,0.096
2014-11-05,0.096
2014-11-06,0.099
2014-11-07,0.099
2014-11-10,0.099
2014-11-11,0.101
2014-11-12,0.109
2014-11-13,0.142
2014-11-14,0.145
2014-11-17,0.145
2014-11-18,0.132
2014-11-19,0.134
2014-11-20,0.127
2014-11-21,0.124
2014-11-24,0.124
2014-11-25,0.124
2014-11-26,0.124
2014-11-27,0.123
2014-11-28,0.122
2014-12-01,0.119
2014-12-02,0.122
2014-12-03,0.122
2014-12-04,0.124
2014-12-05,0.142
2014-12-08,0.15
2014-12-09,0.165
2014-12-10,0.211
2014-12-11,0.208
2014-12-12,0.193
2014-12-15,0.198
2014-12-16,0.203
2014-12-17,0.221
2014-12-18,0.241
2014-12-19,0.251
2014-12-22,0.256
2014-12-23,0.244
2014-12-24,0.239
2014-12-25,0.239
2014-12-26,0.236
2014-12-29,0.218
2014-12-30,0.195
2014-12-31,0.216
2015-01-01,0.219
2015-01-02,0.223
2015-01-05,0.218
2015-01-06,0.208
2015-01-07,0.249
2015-01-08,0.239
2015-01-09,0.203
2015-01-12,0.188
2015-01-13,0.185
2015-01-14,0.167
2015-01-15,0.152
2015-01-16,0.16
2015-01-19,0.158
2015-01-20,0.16
2015-01-21,0.162
2015-01-22,0.162
2015-01-23,0.157
2015-01-26,0.157
2015-01-27,0.155
2015-01-28,0.157
2015-01-29,0.152
2015-01-30,0.147
2015-02-02,0.15
2015-02-03,0.167
2015-02-04,0.198
2015-02-05,0.195
2015-02-06,0.246
2015-02-09,0.234
2015-02-10,0.234
2015-02-11,0.229
2015-02-12,0.229
2015-02-13,0.221
2015-02-16,0.218
2015-02-17,0.223
2015-02-18,0.203
2015-02-19,0.211
2015-02-20,0.213
2015-02-23,0.208
2015-02-24,0.19
2015-02-25,0.188
2015-02-26,0.203
2015-02-27,0.193
2015-03-02,0.195
2015-03-03,0.195
2015-03-04,0.25
2015-03-05,0.234
2015-03-06,0.262
2015-03-09,0.244
2015-03-10,0.239
2015-03-11,0.239
2015-03-12,0.237
2015-03-13,0.237
2015-03-16,0.242
2015-03-17,0.26
2015-03-18,0.209
2015-03-19,0.234
2015-03-20,0.224
2015-03-23,0.219
2015-03-24,0.221
2015-03-25,0.242
2015-03-26,0.26
2015-03-27,0.244
2015-03-30,0.247
2015-03-31,0.229
2015-04-01,0.242
2015-04-02,0.242
2015-04-03,0.202
2015-04-06,0.206
2015-04-07,0.214
2015-04-08,0.214
2015-04-09,0.221
2015-04-10,0.229
2015-04-13,0.221
2015-04-14,0.214
2015-04-15,0.204
2015-04-16,0.201
2015-04-17,0.209
2015-04-20,0.214
2015-04-21,0.211
2015-04-22,0.219
2015-04-23,0.216
2015-04-24,0.214
2015-04-27,0.216
2015-04-28,0.216
2015-04-29,0.232
2015-04-30,0.232
2015-05-01,0.234
2015-05-04,0.229
2015-05-05,0.234
2015-05-06,0.239
2015-05-07,0.239
2015-05-08,0.219
2015-05-11,0.232
2015-05-12,0.232
2015-05-13,0.221
2015-05-14,0.206
2015-05-15,0.201
2015-05-18,0.201
2015-05-19,0.206
2015-05-20,0.201
2015-05-21,0.188
2015-05-22,0.209
2015-05-25,0.207
2015-05-26,0.221
2015-05-27,0.232
2015-05-28,0.255
2015-05-29,0.25
2015-05-30,0.25
2015-06-01,0.247
2015-06-02,0.25
2015-06-03,0.255
2015-06-04,0.25
2015-06-05,0.267
2015-06-08,0.255
2015-06-09,0.255
2015-06-10,0.257
2015-06-11,0.26
2015-06-12,0.262
2015-06-15,0.257
2015-06-16,0.255
2015-06-17,0.25
2015-06-18,0.232
2015-06-19,0.221
2015-06-22,0.232
2015-06-23,0.318
2015-06-24,0.288
2015-06-25,0.285
2015-06-26,0.288
2015-06-29,0.267
2015-06-30,0.267
2015-07-01,0.275
2015-07-02,0.25
2015-07-06,0.237
2015-07-07,0.232
2015-07-08,0.221
2015-07-09,0.232
2015-07-10,0.252
2015-07-13,0.255
2015-07-14,0.247
2015-07-15,0.25
2015-07-16,0.255
2015-07-17,0.26
2015-07-18,0.257
2015-07-20,0.285
2015-07-21,0.29
2015-07-22,0.336
2015-07-23,0.318
2015-07-24,0.318
2015-07-27,0.311
2015-07-28,0.316
2015-07-29,0.321
2015-07-30,0.347
2015-07-31,0.316
2015-08-03,0.321
2015-08-04,0.349
2015-08-05,0.364
2015-08-06,0.336
2015-08-07,0.359
2015-08-10,0.375
2015-08-11,0.357
2015-08-12,0.352
2015-08-13,0.372
2015-08-14,0.377
2015-08-17,0.372
2015-08-18,0.377
2015-08-19,0.395
2015-08-20,0.382
2015-08-21,0.359
2015-08-24,0.331
2015-08-25,0.349
2015-08-26,0.341
2015-08-27,0.352
2015-08-28,0.372
2015-08-31,0.382
2015-09-01,0.372
2015-09-02,0.349
2015-09-03,0.339
2015-09-04,0.354
2015-09-07,0.352
2015-09-08,0.367
2015-09-09,0.37
2015-09-10,0.372
2015-09-11,0.369
2015-09-14,0.44
2015-09-15,0.446
2015-09-16,0.467
2015-09-17,0.39
2015-09-18,0.344
2015-09-21,0.354
2015-09-22,0.336
2015-09-23,0.334
2015-09-24,0.313
2015-09-25,0.334
2015-09-28,0.324
2015-09-29,0.321
2015-09-30,0.316
2015-10-01,0.298
2015-10-02,0.232
2015-10-03,0.229
2015-10-05,0.239
2015-10-06,0.234
2015-10-07,0.247
2015-10-08,0.244
2015-10-09,0.25
2015-10-12,0.249
2015-10-13,0.237
2015-10-14,0.211
2015-10-15,0.214
2015-10-16,0.219
2015-10-19,0.221
2015-10-20,0.224
2015-10-21,0.219
2015-10-22,0.221
2015-10-23,0.237
2015-10-26,0.242
2015-10-27,0.275
2015-10-28,0.326
2015-10-29,0.308
2015-10-30,0.331
2015-11-02,0.347
2015-11-03,0.359
2015-11-04,0.375
2015-11-05,0.395
2015-11-06,0.439
2015-11-09,0.441
2015-11-10,0.446
2015-11-11,0.507
2015-11-12,0.51
2015-11-13,0.492
2015-11-16,0.485
2015-11-17,0.487
2015-11-18,0.482
2015-11-19,0.474
2015-11-20,0.472
2015-11-23,0.479
2015-11-24,0.49
2015-11-25,0.485
2015-11-26,0.481
2015-11-27,0.477
2015-11-30,0.487
2015-12-01,0.477
2015-12-02,0.496
2015-12-03,0.539
2015-12-04,0.572
2015-12-07,0.651
2015-12-08,0.695
2015-12-09,0.705
2015-12-10,0.697
2015-12-11,0.667
2015-12-14,0.674
2015-12-15,0.679
2015-12-16,0.695
2015-12-17,0.677
2015-12-18,0.654
2015-12-21,0.646
2015-12-22,0.643
2015-12-23,0.626
2015-12-24,0.625
2015-12-28,0.646
2015-12-29,0.641
2015-12-30,0.605
2015-12-31,0.613
2016-01-04,0.582
2016-01-05,0.566
2016-01-06,0.672
2016-01-07,0.644
2016-01-08,0.628
2016-01-11,0.618
2016-01-12,0.618
2016-01-13,0.595
2016-01-14,0.538
2016-01-15,0.474
2016-01-18,0.463
2016-01-19,0.469
2016-01-20,0.418
2016-01-21,0.441
2016-01-22,0.459
2016-01-25,0.451
2016-01-26,0.462
2016-01-27,0.451
2016-01-28,0.451
2016-01-29,0.451
2016-02-01,0.472
2016-02-02,0.464
2016-02-03,0.538
2016-02-04,0.523
2016-02-05,0.533
2016-02-08,0.505
2016-02-09,0.51
2016-02-10,0.515
2016-02-11,0.467
2016-02-12,0.485
2016-02-15,0.479
2016-02-16,0.497
2016-02-17,0.52
2016-02-18,0.515
2016-02-19,0.518
2016-02-22,0.533
2016-02-23,0.536
2016-02-24,0.536
2016-02-25,0.533
2016-02-26,0.572
2016-02-29,0.602
2016-03-01,0.641
2016-03-02,0.662
2016-03-03,0.652
2016-03-04,0.66
2016-03-07,0.667
2016-03-08,0.657
2016-03-09,0.662
2016-03-10,0.67
2016-03-11,0.693
2016-03-14,0.695
2016-03-15,0.695
2016-03-16,0.649
2016-03-17,0.634
2016-03-18,0.608
2016-03-21,0.616
2016-03-22,0.614
2016-03-23,0.608
2016-03-24,0.611
2016-03-28,0.626
2016-03-29,0.588
2016-03-30,0.616
2016-03-31,0.593
2016-04-01,0.606
2016-04-04,0.591
2016-04-05,0.555
2016-04-06,0.552
2016-04-07,0.527
2016-04-08,0.516
2016-04-11,0.511
2016-04-12,0.524
2016-04-13,0.527
2016-04-14,0.534
2016-04-15,0.516
2016-04-18,0.509
2016-04-19,0.511
2016-04-20,0.509
2016-04-21,0.534
2016-04-22,0.537
2016-04-25,0.539
2016-04-26,0.544
2016-04-27,0.58
2016-04-28,0.557
2016-04-29,0.555
2016-05-02,0.55
2016-05-03,0.532
2016-05-04,0.514
2016-05-05,0.509
2016-05-06,0.509
2016-05-09,0.501
2016-05-10,0.504
2016-05-11,0.506
2016-05-12,0.529
2016-05-13,0.529
2016-05-16,0.542
2016-05-17,0.562
2016-05-18,0.614
2016-05-19,0.621
2016-05-20,0.634
2016-05-23,0.652
2016-05-24,0.642
2016-05-25,0.673
2016-05-26,0.649
2016-05-27,0.66
2016-05-30,0.68
2016-05-31,0.672
2016-06-01,0.678
2016-06-02,0.67
2016-06-03,0.591
2016-06-06,0.593
2016-06-07,0.58
2016-06-08,0.575
2016-06-09,0.57
2016-06-10,0.547
2016-06-13,0.534
2016-06-14,0.539
2016-06-15,0.511
2016-06-16,0.501
2016-06-17,0.501
2016-06-20,0.534
2016-06-21,0.537
2016-06-22,0.56
2016-06-23,0.58
2016-06-24,0.478
2016-06-27,0.453
2016-06-28,0.445
2016-06-29,0.453
2016-06-30,0.442
2016-07-01,0.445
2016-07-04,0.448
2016-07-05,0.437
2016-07-06,0.45
2016-07-07,0.455
2016-07-08,0.47
2016-07-11,0.491
2016-07-12,0.504
2016-07-13,0.499
2016-07-14,0.516
2016-07-15,0.509
2016-07-18,0.509
2016-07-19,0.506
2016-07-20,0.555
2016-07-21,0.534
2016-07-22,0.537
2016-07-25,0.547
2016-07-26,0.555
2016-07-27,0.532
2016-07-28,0.514
2016-07-29,0.499
2016-08-01,0.496
2016-08-02,0.499
2016-08-03,0.506
2016-08-04,0.504
2016-08-05,0.547
2016-08-06,0.552
2016-08-08,0.555
2016-08-09,0.545
2016-08-10,0.534
2016-08-11,0.547
2016-08-12,0.542
2016-08-13,0.542
2016-08-15,0.544
2016-08-16,0.547
2016-08-17,0.586
2016-08-18,0.57
2016-08-19,0.586
2016-08-22,0.583
2016-08-23,0.588
2016-08-24,0.585
2016-08-25,0.585
2016-08-26,0.606
2016-08-29,0.603
2016-08-30,0.596
2016-08-31,0.596
2016-09-01,0.593
2016-09-02,0.591
2016-09-05,0.593
2016-09-06,0.557
2016-09-07,0.56
2016-09-08,0.568
2016-09-09,0.57
2016-09-12,0.562
2016-09-13,0.58
2016-09-14,0.616
2016-09-15,0.601
2016-09-16,0.611
2016-09-17,0.611
2016-09-19,0.611
2016-09-20,0.619
2016-09-21,0.621
2016-09-22,0.588
2016-09-23,0.583
2016-09-24,0.588
2016-09-26,0.578
2016-09-27,0.578
2016-09-28,0.588
2016-09-29,0.58
2016-09-30,0.593
2016-10-03,0.614
2016-10-04,0.626
2016-10-05,0.634
2016-10-06,0.639
2016-10-07,0.639
2016-10-10,0.639
2016-10-11,0.649
2016-10-12,0.688
2016-10-13,0.657
2016-10-14,0.66
2016-10-15,0.662
2016-10-17,0.652
2016-10-18,0.652
2016-10-19,0.642
2016-10-20,0.647
2016-10-21,0.652
2016-10-24,0.655
2016-10-25,0.657
2016-10-26,0.657
2016-10-27,0.66
2016-10-28,0.649
2016-10-31,0.654
2016-11-01,0.642
2016-11-02,0.639
2016-11-03,0.626
2016-11-04,0.608
2016-11-07,0.619
2016-11-08,0.652
2016-11-09,0.716
2016-11-10,0.724
2016-11-14,0.772
2016-11-15,0.762
2016-11-16,0.752
2016-11-17,0.76
2016-11-18,0.762
2016-11-21,0.767
2016-11-22,0.767
2016-11-23,0.78
2016-11-24,0.777
2016-11-25,0.795
2016-11-28,0.777
2016-11-29,0.77
2016-11-30,0.78
2016-12-01,0.788
2016-12-02,0.777
2016-12-05,0.795
2016-12-06,0.795
2016-12-07,0.839
2016-12-08,0.839
2016-12-09,0.855
2016-12-12,0.854
2016-12-13,0.872
2016-12-14,0.893
2016-12-15,0.901
2016-12-16,0.895
2016-12-19,0.885
2016-12-20,0.888
2016-12-21,0.867
2016-12-22,0.859
2016-12-23,0.859
2016-12-26,0.859
2016-12-27,0.867
2016-12-28,0.865
2016-12-29,0.821
2016-12-30,0.818
2017-01-02,0.821
2017-01-03,0.831
2017-01-04,0.875
2017-01-05,0.834
2017-01-06,0.844
2017-01-09,0.811
2017-01-10,0.811
2017-01-11,0.813
2017-01-12,0.801
2017-01-13,0.801
2017-01-16,0.795
2017-01-17,0.788
2017-01-18,0.795
2017-01-19,0.808
2017-01-20,0.8
2017-01-23,0.775
2017-01-24,0.79
2017-01-25,0.795
2017-01-26,0.788
2017-01-27,0.79
2017-01-30,0.782
2017-01-31,0.767
2017-02-01,0.834
2017-02-02,0.819
2017-02-03,0.811
2017-02-06,0.79
2017-02-07,0.788
2017-02-08,0.785
2017-02-09,0.793
2017-02-10,0.798
2017-02-13,0.806
2017-02-14,0.829
2017-02-15,0.834
2017-02-16,0.803
2017-02-17,0.808
2017-02-20,0.8
2017-02-21,0.803
2017-02-22,0.8
2017-02-23,0.79
2017-02-24,0.775
2017-02-27,0.782
2017-02-28,0.8
2017-03-01,0.924
2017-03-02,0.978
2017-03-03,0.968
2017-03-06,0.978
2017-03-07,1.001
2017-03-08,1.027
2017-03-09,1.034
2017-03-10,1.039
2017-03-13,1.06
2017-03-14,1.052
2017-03-15,1.019
2017-03-16,0.998
2017-03-17,0.988
2017-03-18,0.988
2017-03-20,0.996
2017-03-21,0.983
2017-03-22,0.97
2017-03-23,0.972
2017-03-24,0.975
2017-03-27,0.98
2017-03-28,1.019
2017-03-29,1.042
2017-03-30,1.034
2017-03-31,1.027
2017-04-03,1.022
2017-04-04,1.029
2017-04-05,1.029
2017-04-06,1.037
2017-04-07,1.063
2017-04-10,1.063
2017-04-11,1.045
2017-04-12,1.037
2017-04-13,1.019
2017-04-17,1.026
2017-04-18,1.008
2017-04-19,1.006
2017-04-20,0.998
2017-04-21,0.983
2017-04-22,0.977
2017-04-24,1.013
2017-04-25,1.034
2017-04-26,1.073
2017-04-27,1.065
2017-04-28,1.073
2017-05-01,1.081
2017-05-02,1.076
2017-05-03,1.088
2017-05-04,1.104
2017-05-05,1.106
2017-05-08,1.119
2017-05-09,1.129
2017-05-10,1.132
2017-05-11,1.129
2017-05-12,1.111
2017-05-15,1.114
2017-05-16,1.109
2017-05-17,1.075
2017-05-18,1.083
2017-05-19,1.093
2017-05-22,1.109
2017-05-23,1.134
2017-05-24,1.171
2017-05-25,1.161
2017-05-26,1.161
2017-05-29,1.158
2017-05-30,1.158
2017-05-31,1.155
2017-06-01,1.158
2017-06-02,1.155
2017-06-05,1.163
2017-06-06,1.16
2017-06-07,1.171
2017-06-08,1.178
2017-06-09,1.196
2017-06-12,1.204
2017-06-13,1.207
2017-06-14,1.189
2017-06-15,1.201
2017-06-16,1.194
2017-06-19,1.212
2017-06-20,1.214
2017-06-21,1.22
2017-06-22,1.21
2017-06-23,1.207
2017-06-26,1.207
2017-06-27,1.215
2017-06-28,1.212
2017-06-29,1.225
2017-06-30,1.238
2017-07-01,1.235
2017-07-03,1.248
2017-07-04,1.245
2017-07-05,1.233
2017-07-06,1.233
2017-07-07,1.217
2017-07-10,1.214
2017-07-11,1.204
2017-07-12,1.204
2017-07-13,1.209
2017-07-14,1.204
2017-07-17,1.209
2017-07-18,1.201
2017-07-19,1.225
2017-07-20,1.223
2017-07-21,1.22
2017-07-24,1.233
2017-07-25,1.243
2017-07-26,1.228
2017-07-27,1.225
2017-07-28,1.217
2017-07-31,1.222
2017-08-01,1.217
2017-08-02,1.222
2017-08-03,1.22
2017-08-04,1.227
2017-08-07,1.23
2017-08-08,1.232
2017-08-09,1.212
2017-08-10,1.212
2017-08-11,1.201
2017-08-14,1.212
2017-08-15,1.237
2017-08-16,1.246
2017-08-17,1.236
2017-08-18,1.233
2017-08-21,1.223
2017-08-22,1.233
2017-08-23,1.228
2017-08-24,1.235
2017-08-25,1.233
2017-08-28,1.238
2017-08-29,1.227
2017-08-30,1.23
2017-08-31,1.225
2017-09-01,1.23
2017-09-05,1.22
2017-09-06,1.238
2017-09-07,1.212
2017-09-08,1.209
2017-09-11,1.232
2017-09-12,1.25
2017-09-13,1.269
2017-09-14,1.285
2017-09-15,1.297
2017-09-18,1.305
2017-09-19,1.303
2017-09-20,1.318
2017-09-21,1.308
2017-09-22,1.3
2017-09-25,1.295
2017-09-26,1.3
2017-09-27,1.31
2017-09-28,1.3
2017-09-29,1.3
2017-10-02,1.294
2017-10-03,1.297
2017-10-04,1.318
2017-10-05,1.338
2017-10-06,1.346
2017-10-09,1.343
2017-10-10,1.366
2017-10-11,1.404
2017-10-12,1.406
2017-10-13,1.396
2017-10-16,1.411
2017-10-17,1.409
2017-10-18,1.414
2017-10-19,1.406
2017-10-20,1.419
2017-10-23,1.413
2017-10-24,1.419
2017-10-25,1.419
2017-10-26,1.424
2017-10-27,1.418
2017-10-30,1.418
2017-10-31,1.429
2017-11-01,1.442
2017-11-02,1.447
2017-11-03,1.47
2017-11-06,1.485
2017-11-07,1.493
2017-11-08,1.523
2017-11-09,1.525
2017-11-10,1.538
2017-11-13,1.543
2017-11-14,1.554
2017-11-15,1.551
2017-11-16,1.579
2017-11-17,1.59
2017-11-20,1.603
2017-11-21,1.61
2017-11-22,1.592
2017-11-23,1.605
2017-11-24,1.6
2017-11-27,1.602
2017-11-28,1.6
2017-11-29,1.605
2017-11-30,1.618
2017-12-01,1.617
2017-12-04,1.651
2017-12-05,1.667
2017-12-06,1.673
2017-12-07,1.676
2017-12-08,1.665
2017-12-11,1.681
2017-12-12,1.689
2017-12-13,1.67
2017-12-14,1.683
2017-12-15,1.694
2017-12-16,1.696
2017-12-18,1.699
2017-12-19,1.709
2017-12-20,1.712
2017-12-21,1.717
2017-12-22,1.724
2017-12-25,1.724
2017-12-26,1.729
2017-12-27,1.724
2017-12-28,1.74
2017-12-29,1.737
2018-01-01,1.739
2018-01-02,1.796
2018-01-03,1.814
2018-01-04,1.806
2018-01-05,1.803
2018-01-08,1.787
2018-01-09,1.785
2018-01-10,1.78
2018-01-11,1.772
2018-01-12,1.782
2018-01-15,1.782
2018-01-16,1.782
2018-01-17,1.776
2018-01-18,1.771
2018-01-19,1.776
2018-01-22,1.781
2018-01-23,1.761
2018-01-24,1.771
2018-01-25,1.776
2018-01-26,1.786
2018-01-29,1.781
2018-01-30,1.781
2018-01-31,1.897
2018-02-01,1.895
2018-02-02,1.881
2018-02-05,1.858
2018-02-06,1.858
2018-02-07,1.894
2018-02-08,1.899
2018-02-09,1.881
2018-02-12,1.925
2018-02-13,1.938
2018-02-14,1.969
2018-02-15,1.985
2018-02-16,1.979
2018-02-19,1.979
2018-02-20,2.0
2018-02-21,2.008
2018-02-22,2.01
2018-02-23,2.005
2018-02-26,2.015
2018-02-27,2.025
2018-02-28,2.07
2018-03-01,2.041
2018-03-02,2.048
2018-03-05,2.053
2018-03-06,2.053
2018-03-07,2.045
2018-03-08,2.04
2018-03-09,2.032
2018-03-12,2.029
2018-03-13,2.032
2018-03-14,2.037
2018-03-15,2.055
2018-03-16,2.06
2018-03-19,2.068
2018-03-20,2.068
2018-03-21,2.049
2018-03-22,2.039
2018-03-23,2.02
2018-03-26,2.033
2018-03-27,2.033
2018-03-28,2.111
2018-03-29,2.09
2018-04-02,2.085
2018-04-03,2.082
2018-04-04,2.066
2018-04-05,2.074
2018-04-06,2.055
2018-04-09,2.066
2018-04-10,2.071
2018-04-11,2.068
2018-04-12,2.089
2018-04-13,2.099
2018-04-16,2.11
2018-04-17,2.133
2018-04-18,2.159
2018-04-19,2.183
2018-04-20,2.201
2018-04-23,2.216
2018-04-24,2.221
2018-04-25,2.253
2018-04-26,2.242
2018-04-27,2.239
2018-04-30,2.239
2018-05-01,2.252
2018-05-02,2.239
2018-05-03,2.231
2018-05-04,2.236
2018-05-07,2.241
2018-05-08,2.244
2018-05-09,2.251
2018-05-10,2.254
2018-05-11,2.259
2018-05-14,2.266
2018-05-15,2.285
2018-05-16,2.282
2018-05-17,2.295
2018-05-18,2.297
2018-05-21,2.323
2018-05-22,2.31
2018-05-23,2.297
2018-05-24,2.271
2018-05-25,2.255
2018-05-28,2.255
2018-05-29,2.158
2018-05-30,2.21
2018-05-31,2.226
2018-06-01,2.262
2018-06-04,2.291
2018-06-05,2.285
2018-06-06,2.304
2018-06-07,2.298
2018-06-08,2.293
2018-06-11,2.308
2018-06-12,2.314
2018-06-13,2.332
2018-06-14,2.321
2018-06-15,2.316
2018-06-18,2.323
2018-06-19,2.321
2018-06-20,2.352
2018-06-21,2.337
2018-06-22,2.328
2018-06-25,2.326
2018-06-26,2.328
2018-06-27,2.318
2018-06-28,2.315
2018-06-29,2.322
2018-07-02,2.327
2018-07-03,2.317
2018-07-04,2.314
2018-07-05,2.317
2018-07-06,2.314
2018-07-09,2.324
2018-07-10,2.329
2018-07-11,2.334
2018-07-12,2.347
2018-07-13,2.35
2018-07-16,2.368
2018-07-17,2.376
2018-07-18,2.41
2018-07-19,2.397
2018-07-20,2.394
2018-07-23,2.407
2018-07-24,2.402
2018-07-25,2.401
2018-07-26,2.412
2018-07-27,2.409
2018-07-30,2.414
2018-07-31,2.417
2018-08-01,2.432
2018-08-02,2.422
2018-08-03,2.419
2018-08-06,2.418
2018-08-07,2.426
2018-08-08,2.426
2018-08-09,2.421
2018-08-10,2.399
2018-08-13,2.407
2018-08-14,2.412
2018-08-15,2.442
2018-08-16,2.447
2018-08-17,2.436
2018-08-20,2.425
2018-08-21,2.433
2018-08-22,2.425
2018-08-23,2.428
2018-08-24,2.433
2018-08-27,2.446
2018-08-28,2.456
2018-08-29,2.461
2018-08-30,2.45
2018-08-31,2.455
2018-09-03,2.453
2018-09-04,2.479
2018-09-05,2.476
2018-09-06,2.476
2018-09-07,2.512
2018-09-10,2.512
2018-09-11,2.522
2018-09-12,2.547
2018-09-13,2.552
2018-09-14,2.562
2018-09-17,2.565
2018-09-18,2.572
2018-09-19,2.575
2018-09-20,2.575
2018-09-21,2.574
2018-09-24,2.577
2018-09-25,2.582
2018-09-26,2.579
2018-09-27,2.577
2018-09-28,2.571
2018-10-01,2.579
2018-10-02,2.581
2018-10-03,2.607
2018-10-04,2.615
2018-10-05,2.62
2018-10-08,2.62
2018-10-09,2.627
2018-10-10,2.671
2018-10-11,2.652
2018-10-12,2.646
2018-10-15,2.665
2018-10-16,2.657
2018-10-17,2.657
2018-10-18,2.662
2018-10-19,2.667
2018-10-22,2.666
2018-10-23,2.653
2018-10-24,2.637
2018-10-25,2.648
2018-10-26,2.626
2018-10-29,2.642
2018-10-30,2.644
2018-10-31,2.665
2018-11-01,2.657
2018-11-02,2.68
2018-11-05,2.683
2018-11-06,2.698
2018-11-07,2.737
2018-11-08,2.739
2018-11-09,2.731
2018-11-12,2.728
2018-11-13,2.723
2018-11-14,2.709
2018-11-15,2.699
2018-11-16,2.674
2018-11-19,2.659
2018-11-20,2.661
2018-11-21,2.669
2018-11-22,2.666
2018-11-23,2.666
2018-11-26,2.676
2018-11-27,2.681
2018-11-28,2.676
2018-11-29,2.681
2018-11-30,2.691
2018-12-03,2.707
2018-12-04,2.706
2018-12-05,2.721
2018-12-06,2.702
2018-12-07,2.683
2018-12-10,2.689
2018-12-11,2.704
2018-12-12,2.701
2018-12-13,2.691
2018-12-14,2.674
2018-12-17,2.659
2018-12-18,2.637
2018-12-19,2.635
2018-12-20,2.634
2018-12-21,2.629
2018-12-24,2.607
2018-12-25,2.589
2018-12-26,2.602
2018-12-27,2.578
2018-12-28,2.586
2018-12-31,2.601
2019-01-01,2.626
2019-01-02,2.605
2019-01-03,2.507
2019-01-04,2.565
2019-01-07,2.575
2019-01-08,2.604
2019-01-09,2.593
2019-01-10,2.593
2019-01-11,2.577
2019-01-14,2.574
2019-01-15,2.566
2019-01-16,2.566
2019-01-17,2.574
2019-01-18,2.594
2019-01-21,2.597
2019-01-22,2.586
2019-01-23,2.591
2019-01-24,2.578
2019-01-25,2.596
2019-01-28,2.599
2019-01-29,2.591
2019-01-30,2.584
2019-01-31,2.552
2019-02-01,2.567
2019-02-04,2.567
2019-02-05,2.562
2019-02-06,2.557
2019-02-07,2.535
2019-02-08,2.535
2019-02-11,2.545
2019-02-12,2.545
2019-02-13,2.55
2019-02-14,2.532
2019-02-15,2.544
2019-02-18,2.545
2019-02-19,2.544
2019-02-20,2.539
2019-02-21,2.549
2019-02-22,2.544
2019-02-25,2.554
2019-02-26,2.538
2019-02-27,2.547
2019-02-28,2.542
2019-03-01,2.554
2019-03-04,2.541
2019-03-05,2.546
2019-03-06,2.538
2019-03-07,2.527
2019-03-08,2.524
2019-03-11,2.532
2019-03-12,2.524
2019-03-13,2.519
2019-03-14,2.519
2019-03-15,2.518
2019-03-18,2.516
2019-03-19,2.502
2019-03-20,2.471
2019-03-21,2.481
2019-03-22,2.457
2019-03-25,2.428
2019-03-26,2.428
2019-03-27,2.396
2019-03-28,2.396
2019-03-29,2.401
2019-04-01,2.416
2019-04-02,2.406
2019-04-03,2.413
2019-04-04,2.411
2019-04-05,2.426
2019-04-08,2.429
2019-04-09,2.423
2019-04-10,2.413
2019-04-11,2.42
2019-04-12,2.436
2019-04-15,2.436
2019-04-16,2.446
2019-04-17,2.446
2019-04-18,2.443
2019-04-22,2.453
2019-04-23,2.437
2019-04-24,2.425
2019-04-25,2.427
2019-04-26,2.411
2019-04-29,2.411
2019-04-30,2.382
2019-05-01,2.382
2019-05-02,2.403
2019-05-03,2.405
2019-05-06,2.389
2019-05-07,2.371
2019-05-08,2.376
2019-05-09,2.368
2019-05-10,2.362
2019-05-13,2.328
2019-05-14,2.328
2019-05-15,2.312
2019-05-16,2.335
2019-05-17,2.338
2019-05-20,2.345
2019-05-21,2.372
2019-05-22,2.361
2019-05-23,2.317
2019-05-24,2.332
2019-05-27,2.327
2019-05-28,2.311
2019-05-29,2.3
2019-05-30,2.305
2019-05-31,2.216
2019-06-03,2.137
2019-06-04,2.126
2019-06-05,2.053
2019-06-06,2.042
2019-06-07,2.006
2019-06-10,2.026
2019-06-11,2.058
2019-06-12,2.034
2019-06-13,2.005
2019-06-14,2.021
2019-06-17,2.047
2019-06-18,2.081
2019-06-19,1.981
2019-06-20,1.91
2019-06-21,1.944
2019-06-24,1.928
2019-06-25,1.941
2019-06-26,1.972
2019-06-27,1.949
2019-06-28,1.93
2019-07-01,1.949
2019-07-02,1.925
2019-07-03,1.922
2019-07-04,1.925
2019-07-05,1.993
2019-07-08,1.992
2019-07-09,2.016
2019-07-10,1.945
2019-07-11,1.969
2019-07-12,1.963
2019-07-15,1.966
2019-07-16,1.992
2019-07-17,1.947
2019-07-18,1.908
2019-07-19,1.939
2019-07-22,1.949
2019-07-23,1.973
2019-07-24,1.972
2019-07-25,1.988
2019-07-26,1.993
2019-07-29,1.988
2019-07-30,1.985
2019-07-31,2.006
2019-08-01,1.886
2019-08-02,1.867
2019-08-05,1.799
2019-08-06,1.825
2019-08-07,1.763
2019-08-08,1.791
2019-08-09,1.794
2019-08-12,1.773
2019-08-13,1.869
2019-08-14,1.785
2019-08-15,1.72
2019-08-16,1.699
2019-08-19,1.745
2019-08-20,1.735
2019-08-21,1.774
2019-08-22,1.795
2019-08-23,1.732
2019-08-26,1.758
2019-08-27,1.763
2019-08-28,1.75
2019-08-29,1.766
2019-08-30,1.773
2019-09-02,1.773
2019-09-03,1.739
2019-09-04,1.703
2019-09-05,1.752
2019-09-06,1.747
2019-09-09,1.76
2019-09-10,1.814
2019-09-11,1.79
2019-09-12,1.821
2019-09-13,1.871
2019-09-16,1.868
2019-09-17,1.871
2019-09-18,1.855
2019-09-19,1.878
2019-09-20,1.852
2019-09-23,1.813
2019-09-24,1.794
2019-09-25,1.82
2019-09-26,1.781
2019-09-27,1.76
2019-09-30,1.768
2019-10-01,1.737
2019-10-02,1.677
2019-10-03,1.606
2019-10-04,1.601
2019-10-07,1.653
2019-10-08,1.601
2019-10-09,1.6
2019-10-10,1.618
2019-10-11,1.657
2019-10-14,1.667
2019-10-15,1.646
2019-10-16,1.594
2019-10-17,1.594
2019-10-18,1.578
2019-10-21,1.589
2019-10-22,1.586
2019-10-23,1.586
2019-10-24,1.596
2019-10-25,1.607
2019-10-28,1.612
2019-10-29,1.596
2019-10-30,1.596
2019-10-31,1.529
2019-11-01,1.528
2019-11-04,1.56
2019-11-05,1.601
2019-11-06,1.579
2019-11-07,1.587
2019-11-08,1.581
2019-11-11,1.584
2019-11-12,1.584
2019-11-13,1.566
2019-11-14,1.553
2019-11-15,1.547
2019-11-18,1.545
2019-11-19,1.542
2019-11-20,1.532
2019-11-21,1.55
2019-11-22,1.565
2019-11-25,1.578
2019-11-26,1.583
2019-11-27,1.601
2019-11-28,1.594
2019-11-29,1.599
2019-12-02,1.598
2019-12-03,1.563
2019-12-04,1.563
2019-12-05,1.558
2019-12-06,1.563
2019-12-09,1.558
2019-12-10,1.56
2019-12-11,1.553
2019-12-12,1.573
2019-12-13,1.534
2019-12-16,1.539
2019-12-17,1.534
2019-12-18,1.526
2019-12-19,1.521
2019-12-20,1.524
2019-12-23,1.536
2019-12-24,1.531
2019-12-25,1.531
2019-12-26,1.529
2019-12-27,1.508
2019-12-30,1.521
2019-12-31,1.582
2020-01-01,1.579
2020-01-02,1.576
2020-01-03,1.542
2020-01-06,1.548
2020-01-07,1.537
2020-01-08,1.54
2020-01-09,1.537
2020-01-10,1.524
2020-01-13,1.532
2020-01-14,1.534
2020-01-15,1.544
2020-01-16,1.547
2020-01-17,1.555
2020-01-20,1.555
2020-01-21,1.536
2020-01-22,1.544
2020-01-23,1.555
2020-01-24,1.539
2020-01-27,1.541
2020-01-28,1.544
2020-01-29,1.511
2020-01-30,1.478
2020-01-31,1.444
2020-02-03,1.459
2020-02-04,1.485
2020-02-05,1.495
2020-02-06,1.506
2020-02-07,1.487
2020-02-10,1.464
2020-02-11,1.482
2020-02-12,1.493
2020-02-13,1.493
2020-02-14,1.477
2020-02-17,1.482
2020-02-18,1.477
2020-02-19,1.482
2020-02-20,1.469
2020-02-21,1.44
2020-02-24,1.365
2020-02-25,1.318
2020-02-26,1.257
2020-02-27,1.172
2020-02-28,0.983
2020-03-02,0.885
2020-03-03,0.718
2020-03-04,0.577
2020-03-05,0.48
2020-03-06,0.385
2020-03-09,0.29
2020-03-10,0.4
2020-03-11,0.403
2020-03-12,0.359
2020-03-13,0.367
2020-03-16,0.283
2020-03-17,0.265
2020-03-18,0.188
2020-03-19,0.16
2020-03-20,0.14
2020-03-23,0.165
2020-03-24,0.237
2020-03-25,0.193
2020-03-26,0.129
2020-03-27,0.124
2020-03-30,0.14
2020-03-31,0.152
2020-04-01,0.157
2020-04-02,0.15
2020-04-03,0.15
2020-04-06,0.173
2020-04-07,0.198
2020-04-08,0.236
2020-04-09,0.249
2020-04-13,0.269
2020-04-14,0.241
2020-04-15,0.19
2020-04-16,0.178
2020-04-17,0.167
2020-04-20,0.157
2020-04-21,0.145
2020-04-22,0.165
2020-04-23,0.173
2020-04-24,0.17
2020-04-27,0.178
2020-04-28,0.167
2020-04-29,0.165
2020-04-30,0.167
2020-05-01,0.167
2020-05-04,0.165
2020-05-05,0.162
2020-05-06,0.162
2020-05-07,0.142
2020-05-08,0.15
2020-05-11,0.16
2020-05-12,0.16
2020-05-13,0.155
2020-05-14,0.157
2020-05-15,0.147
2020-05-18,0.165
2020-05-19,0.157
2020-05-20,0.16
2020-05-21,0.165
2020-05-22,0.165
2020-05-25,0.162
2020-05-26,0.173
2020-05-27,0.183
2020-05-28,0.18
2020-05-29,0.173
2020-06-01,0.17
2020-06-02,0.17
2020-06-03,0.18
2020-06-04,0.173
2020-06-05,0.183
2020-06-08,0.188
2020-06-09,0.188
2020-06-10,0.185
2020-06-11,0.183
2020-06-12,0.178
2020-06-15,0.178
2020-06-16,0.193
2020-06-17,0.193
2020-06-18,0.183
2020-06-19,0.178
2020-06-22,0.175
2020-06-23,0.178
2020-06-24,0.178
2020-06-25,0.178
2020-06-26,0.162
2020-06-29,0.16
2020-06-30,0.16
2020-07-01,0.162
2020-07-02,0.157
2020-07-06,0.16
2020-07-07,0.157
2020-07-08,0.157
2020-07-09,0.152
2020-07-10,0.152
2020-07-13,0.157
2020-07-14,0.155
2020-07-15,0.152
2020-07-16,0.147
2020-07-17,0.145
2020-07-20,0.147
2020-07-21,0.145
2020-07-22,0.142
2020-07-23,0.14
2020-07-24,0.142
2020-07-27,0.145
2020-07-28,0.137
2020-07-29,0.129
2020-07-30,0.117
2020-07-31,0.117
2020-08-03,0.119
2020-08-04,0.119
2020-08-05,0.124
2020-08-06,0.127
2020-08-07,0.129
2020-08-10,0.132
2020-08-11,0.142
2020-08-12,0.14
2020-08-13,0.142
2020-08-14,0.134
2020-08-17,0.127
2020-08-18,0.127
2020-08-19,0.124
2020-08-20,0.124
2020-08-21,0.127
2020-08-24,0.129
2020-08-25,0.129
2020-08-26,0.124
2020-08-27,0.129
2020-08-28,0.119
2020-08-31,0.122
2020-09-01,0.122
2020-09-02,0.124
2020-09-03,0.119
2020-09-04,0.129
2020-09-08,0.137
2020-09-09,0.137
2020-09-10,0.14
2020-09-11,0.137
2020-09-14,0.132
2020-09-15,0.129
2020-09-16,0.124
2020-09-17,0.119
2020-09-18,0.122
2020-09-21,0.119
2020-09-22,0.122
2020-09-23,0.119
2020-09-24,0.122
2020-09-25,0.119
2020-09-28,0.119
2020-09-29,0.117
2020-09-30,0.119
2020-10-01,0.117
2020-10-02,0.117
2020-10-05,0.124
2020-10-06,0.124
2020-10-07,0.132
2020-10-08,0.132
2020-10-09,0.134
2020-10-13,0.129
2020-10-14,0.127
2020-10-15,0.127
2020-10-16,0.127
2020-10-19,0.132
2020-10-20,0.127
2020-10-21,0.129
2020-10-22,0.127
2020-10-23,0.127
2020-10-26,0.124
2020-10-27,0.122
2020-10-28,0.122
2020-10-29,0.127
2020-10-30,0.127
2020-11-02,0.122
2020-11-03,0.119
2020-11-04,0.124
2020-11-05,0.122
2020-11-06,0.124
2020-11-09,0.127
2020-11-10,0.124
2020-11-11,0.124
2020-11-12,0.119
2020-11-13,0.122
2020-11-16,0.117
2020-11-17,0.112
2020-11-18,0.109
2020-11-19,0.104
2020-11-20,0.101
2020-11-23,0.104
2020-11-24,0.107
2020-11-25,0.107
2020-11-26,0.106
2020-11-27,0.107
2020-11-30,0.107
2020-12-01,0.107
2020-12-02,0.112
2020-12-03,0.107
2020-12-04,0.104
2020-12-07,0.104
2020-12-08,0.107
2020-12-09,0.101
2020-12-10,0.099
2020-12-11,0.086
2020-12-14,0.089
2020-12-15,0.091
2020-12-16,0.089
2020-12-17,0.094
2020-12-18,0.091
2020-12-21,0.091
2020-12-22,0.089
2020-12-23,0.091
2020-12-24,0.096
2020-12-28,0.104
2020-12-29,0.107
2020-12-30,0.112
2020-12-31,0.112
2021-01-04,0.104
2021-01-05,0.101
2021-01-06,0.109
2021-01-07,0.107
2021-01-08,0.101
2021-01-11,0.104
2021-01-12,0.104
2021-01-13,0.101
2021-01-14,0.099
2021-01-15,0.101
2021-01-18,0.101
2021-01-19,0.101
2021-01-20,0.099
2021-01-21,0.096
2021-01-22,0.094
2021-01-25,0.091
2021-01-26,0.091
2021-01-27,0.091
2021-01-28,0.086
2021-01-29,0.084
2021-02-01,0.079
2021-02-02,0.081
2021-02-03,0.076
2021-02-04,0.071
2021-02-05,0.063
2021-02-08,0.066
2021-02-09,0.074
2021-02-10,0.071
2021-02-11,0.071
2021-02-12,0.066
2021-02-15,0.068
2021-02-16,0.068
2021-02-17,0.068
2021-02-18,0.056
2021-02-19,0.056
2021-02-22,0.056
2021-02-23,0.074
2021-02-24,0.076
2021-02-25,0.089
2021-02-26,0.079
2021-03-01,0.076
2021-03-02,0.076
2021-03-03,0.079
2021-03-04,0.079
2021-03-05,0.081
2021-03-08,0.084
2021-03-09,0.089
2021-03-10,0.086
2021-03-11,0.081
2021-03-12,0.076
2021-03-15,0.076
2021-03-16,0.074
2021-03-17,0.068
2021-03-18,0.071
2021-03-19,0.061
2021-03-22,0.066
2021-03-23,0.063
2021-03-24,0.071
2021-03-25,0.066
2021-03-26,0.066
2021-03-29,0.061
2021-03-30,0.061
2021-03-31,0.063
2021-04-01,0.063
2021-04-02,0.068
2021-04-05,0.061
2021-04-06,0.056
2021-04-07,0.058
2021-04-08,0.056
2021-04-09,0.058
2021-04-12,0.066
2021-04-13,0.061
2021-04-14,0.061
2021-04-15,0.063
2021-04-16,0.063
2021-04-19,0.061
2021-04-20,0.058
2021-04-21,0.063
2021-04-22,0.063
2021-04-23,0.061
2021-04-26,0.061
2021-04-27,0.058
2021-04-28,0.053
2021-04-29,0.051
2021-04-30,0.053
2021-05-03,0.056
2021-05-04,0.056
2021-05-05,0.056
2021-05-06,0.053
2021-05-07,0.051
2021-05-10,0.048
2021-05-11,0.048
2021-05-12,0.048
2021-05-13,0.046
2021-05-14,0.048
2021-05-17,0.048
2021-05-18,0.048
2021-05-19,0.048
2021-05-20,0.041
2021-05-21,0.043
2021-05-24,0.041
2021-05-25,0.043
2021-05-26,0.041
2021-05-27,0.041
2021-05-28,0.043
2021-05-31,0.043
2021-06-01,0.043
2021-06-02,0.046
2021-06-03,0.046
2021-06-04,0.046
2021-06-07,0.051
2021-06-08,0.051
2021-06-09,0.051
2021-06-10,0.048
2021-06-11,0.051
2021-06-14,0.051
2021-06-15,0.061
2021-06-16,0.084
2021-06-17,0.071
2021-06-18,0.089
2021-06-21,0.089
2021-06-22,0.081
2021-06-23,0.084
2021-06-24,0.081
2021-06-25,0.081
2021-06-28,0.076
2021-06-29,0.074
2021-06-30,0.071
2021-07-01,0.071
2021-07-02,0.071
2021-07-05,0.076
2021-07-06,0.066
2021-07-07,0.068
2021-07-08,0.063
2021-07-09,0.068
2021-07-12,0.068
2021-07-13,0.074
2021-07-14,0.074
2021-07-15,0.074
2021-07-16,0.076
2021-07-19,0.074
2021-07-20,0.074
2021-07-21,0.071
2021-07-22,0.071
2021-07-23,0.071
2021-07-26,0.071
2021-07-27,0.068
2021-07-28,0.066
2021-07-29,0.066
2021-07-30,0.066
2021-08-02,0.068
2021-08-03,0.066
2021-08-04,0.066
2021-08-05,0.071
2021-08-06,0.074
2021-08-09,0.076
2021-08-10,0.076
2021-08-11,0.081
2021-08-12,0.079
2021-08-13,0.074
2021-08-16,0.074
2021-08-17,0.071
2021-08-18,0.068
2021-08-19,0.066
2021-08-20,0.063
2021-08-23,0.063
2021-08-24,0.063
2021-08-25,0.066
2021-08-26,0.066
2021-08-27,0.068
2021-08-30,0.066
2021-08-31,0.068
2021-09-01,0.068
2021-09-02,0.066
2021-09-03,0.066
2021-09-06,0.068
2021-09-07,0.066
2021-09-08,0.074
2021-09-09,0.074
2021-09-10,0.071
2021-09-13,0.074
2021-09-14,0.071
2021-09-15,0.071
2021-09-16,0.071
2021-09-17,0.071
2021-09-20,0.068
2021-09-21,0.068
2021-09-22,0.076
2021-09-23,0.074
2021-09-24,0.079
2021-09-27,0.079
2021-09-28,0.081
2021-09-29,0.079
2021-09-30,0.079
2021-10-01,0.079
2021-10-04,0.079
2021-10-05,0.084
2021-10-06,0.091
2021-10-07,0.094
2021-10-08,0.094
2021-10-11,0.091
2021-10-12,0.099
2021-10-13,0.099
2021-10-14,0.096
2021-10-15,0.101
2021-10-18,0.104
2021-10-19,0.101
2021-10-20,0.094
2021-10-21,0.107
2021-10-22,0.119
2021-10-25,0.119
2021-10-26,0.122
2021-10-27,0.119
2021-10-28,0.119
2021-10-29,0.127
2021-11-01,0.127
2021-11-02,0.124
2021-11-03,0.17
2021-11-04,0.15
2021-11-05,0.145
2021-11-08,0.152
2021-11-09,0.137
2021-11-10,0.162
2021-11-11,0.165
2021-11-12,0.162
2021-11-15,0.165
2021-11-16,0.165
2021-11-17,0.16
2021-11-18,0.157
2021-11-19,0.157
2021-11-22,0.185
2021-11-23,0.193
2021-11-24,0.213
2021-11-25,0.216
2021-11-26,0.178
2021-11-29,0.193
2021-11-30,0.221
2021-12-01,0.254
2021-12-02,0.262
2021-12-03,0.256
2021-12-06,0.279
2021-12-07,0.305
2021-12-08,0.287
2021-12-09,0.264
2021-12-10,0.262
2021-12-13,0.254
2021-12-14,0.249
2021-12-15,0.272
2021-12-16,0.246
2021-12-17,0.259
2021-12-20,0.251
2021-12-21,0.267
2021-12-22,0.264
2021-12-23,0.282
2021-12-27,0.297
2021-12-28,0.292
2021-12-29,0.389
2021-12-30,0.379
2021-12-31,0.384
2022-01-03,0.397
2022-01-04,0.376
2022-01-05,0.404
2022-01-06,0.432
2022-01-07,0.417
2022-01-10,0.442
2022-01-11,0.445
2022-01-12,0.453
2022-01-13,0.455
2022-01-14,0.491
2022-01-17,0.514
2022-01-18,0.55
2022-01-19,0.537
2022-01-20,0.562
2022-01-21,0.552
2022-01-24,0.555
2022-01-25,0.606
2022-01-26,0.675
2022-01-27,0.749
2022-01-28,0.754
2022-01-31,0.767
2022-02-01,0.77
2022-02-02,0.744
2022-02-03,0.767
2022-02-04,0.883
2022-02-07,0.865
2022-02-08,0.883
2022-02-09,0.883
2022-02-10,1.086
2022-02-11,1.057
2022-02-14,1.104
2022-02-15,1.073
2022-02-16,1.049
2022-02-17,1.021
2022-02-18,0.993
2022-02-21,1.026
2022-02-22,1.091
2022-02-23,1.15
2022-02-24,1.076
2022-02-25,1.127
2022-02-28,1.011
2022-03-01,0.89
2022-03-02,1.047
2022-03-03,1.07
2022-03-04,1.029
2022-03-07,1.045
2022-03-08,1.086
2022-03-09,1.122
2022-03-10,1.155
2022-03-11,1.168
2022-03-14,1.227
2022-03-15,1.212
2022-03-16,1.299
2022-03-17,1.222
2022-03-18,1.225
2022-03-21,1.281
2022-03-22,1.346
2022-03-23,1.515
2022-03-24,1.543
2022-03-25,1.66
2022-03-28,1.676
2022-03-29,1.657
2022-03-30,1.642
2022-03-31,1.608
2022-04-01,1.686
2022-04-04,1.699
2022-04-05,1.745
2022-04-06,1.763
2022-04-07,1.735
2022-04-08,1.768
2022-04-11,1.784
2022-04-12,1.716
2022-04-13,1.683
2022-04-14,1.737
2022-04-18,1.768
2022-04-19,1.828
2022-04-20,1.936
2022-04-21,2.017
2022-04-22,2.061
2022-04-25,2.022
2022-04-26,1.975
2022-04-27,1.959
2022-04-28,2.001
2022-04-29,2.058
2022-05-02,2.068
2022-05-03,2.115
2022-05-04,2.016
2022-05-05,2.034
2022-05-06,1.998
2022-05-09,1.937
2022-05-10,1.94
2022-05-11,1.935
2022-05-12,1.896
2022-05-13,1.958
2022-05-16,1.997
2022-05-17,2.07
2022-05-18,2.044
2022-05-19,2.101
2022-05-20,2.069
2022-05-23,2.08
2022-05-24,1.996
2022-05-25,1.993
2022-05-26,1.975
2022-05-27,1.99
2022-05-30,2.006
2022-05-31,2.053
2022-06-01,2.123
2022-06-02,2.126
2022-06-03,2.162
2022-06-06,2.196
2022-06-07,2.206
2022-06-08,2.245
2022-06-09,2.3
2022-06-10,2.507
2022-06-13,2.799
2022-06-14,3.052
2022-06-15,2.964
2022-06-16,2.885
2022-06-17,2.857
2022-06-20,2.873
2022-06-21,2.923
2022-06-22,2.794
2022-06-23,2.765
2022-06-24,2.83
2022-06-27,2.875
2022-06-28,2.877
2022-06-29,2.848
2022-06-30,2.79
2022-07-01,2.718
2022-07-04,2.779
2022-07-05,2.752
2022-07-06,2.789
2022-07-07,2.865
2022-07-08,2.944
2022-07-11,2.994
2022-07-12,2.999
2022-07-13,3.211
2022-07-14,3.171
2022-07-15,3.091
2022-07-18,3.128
2022-07-19,3.199
2022-07-20,3.18
2022-07-21,3.093
2022-07-22,3.018
2022-07-25,3.06
2022-07-26,3.052
2022-07-27,3.001
2022-07-28,2.917
2022-07-29,2.974
2022-08-01,2.979
2022-08-02,3.101
2022-08-03,3.138
2022-08-04,3.116
2022-08-05,3.269
2022-08-08,3.274
2022-08-09,3.285
2022-08-10,3.269
2022-08-11,3.253
2022-08-12,3.25
2022-08-15,3.228
2022-08-16,3.263
2022-08-17,3.281
2022-08-18,3.228
2022-08-19,3.243
2022-08-22,3.315
2022-08-23,3.288
2022-08-24,3.33
2022-08-25,3.33
2022-08-26,3.359
2022-08-29,3.414
2022-08-30,3.475
2022-08-31,3.483
2022-09-01,3.509
2022-09-02,3.466
2022-09-05,3.447
2022-09-06,3.521
2022-09-07,3.608
2022-09-08,3.597
2022-09-09,3.663
2022-09-12,3.668
2022-09-13,3.931
2022-09-14,3.941
2022-09-15,3.994
2022-09-16,3.964
2022-09-19,4.055
2022-09-20,4.038
2022-09-21,4.073
2022-09-22,4.075
2022-09-23,4.131
2022-09-26,4.147
2022-09-27,4.146
2022-09-28,3.98
2022-09-29,3.971
2022-09-30,3.997
2022-10-03,3.973
2022-10-04,3.97
2022-10-05,4.145
2022-10-06,4.177
2022-10-07,4.181
2022-10-10,4.319
2022-10-11,4.27
2022-10-12,4.259
2022-10-13,4.439
2022-10-14,4.484
2022-10-17,4.491
2022-10-18,4.491
2022-10-19,4.596
2022-10-20,4.655
2022-10-21,4.567
2022-10-24,4.616
2022-10-25,4.58
2022-10-26,4.553
2022-10-27,4.501
2022-10-28,4.57
2022-10-31,4.637
2022-11-01,4.642
2022-11-02,4.732
2022-11-03,4.778
2022-11-04,4.744
2022-11-07,4.787
2022-11-08,4.76
2022-11-09,4.743
2022-11-10,4.578
2022-11-14,4.629
2022-11-15,4.605
2022-11-16,4.62
2022-11-17,4.682
2022-11-18,4.735
2022-11-21,4.746
2022-11-22,4.788
2022-11-23,4.758
2022-11-24,4.763
2022-11-25,4.759
2022-11-28,4.756
2022-11-29,4.745
2022-11-30,4.732
2022-12-01,4.656
2022-12-02,4.684
2022-12-05,4.76
2022-12-06,4.73
2022-12-07,4.675
2022-12-08,4.694
2022-12-09,4.708
2022-12-12,4.76
2022-12-13,4.64
2022-12-14,4.653
2022-12-15,4.658
2022-12-16,4.608
2022-12-19,4.653
2022-12-20,4.642
2022-12-21,4.607
2022-12-22,4.66
2022-12-23,4.672
2022-12-26,4.691
2022-12-27,4.707
2022-12-28,4.703
2022-12-29,4.691
2022-12-30,4.733
2023-01-02,4.744
2023-01-03,4.713
2023-01-04,4.71
2023-01-05,4.772
2023-01-06,4.714
2023-01-09,4.7
2023-01-10,4.756
2023-01-11,4.737
2023-01-12,4.682
2023-01-13,4.7
2023-01-16,4.729
2023-01-17,4.683
2023-01-18,4.65
2023-01-19,4.677
2023-01-20,4.694
2023-01-23,4.713
2023-01-24,4.685
2023-01-25,4.665
2023-01-26,4.672
2023-01-27,4.679
2023-01-30,4.714
2023-01-31,4.686
2023-02-01,4.661
2023-02-02,4.639
2023-02-03,4.774
2023-02-06,4.857
2023-02-07,4.881
2023-02-08,4.873
2023-02-09,4.88
2023-02-10,4.895
2023-02-13,4.919
2023-02-14,4.989
2023-02-15,4.973
2023-02-16,4.969
2023-02-17,5.0
2023-02-20,5.03
2023-02-21,5.035
2023-02-22,5.065
2023-02-23,5.029
2023-02-24,5.052
2023-02-27,5.03
2023-02-28,5.01
2023-03-01,5.059
2023-03-02,5.053
2023-03-03,5.029
2023-03-06,5.056
2023-03-07,5.214
2023-03-08,5.243
2023-03-09,5.182
2023-03-10,4.876
2023-03-13,4.292
2023-03-14,4.475
2023-03-15,4.278
2023-03-16,4.493
2023-03-17,4.306
2023-03-20,4.386
2023-03-21,4.631
2023-03-22,4.514
2023-03-23,4.375
2023-03-24,4.325
2023-03-27,4.509
2023-03-28,4.536
2023-03-29,4.566
2023-03-30,4.614
2023-03-31,4.624
2023-04-03,4.618
2023-04-04,4.49
2023-04-05,4.443
2023-04-06,4.512
2023-04-07,4.655
2023-04-10,4.677
2023-04-11,4.717
2023-04-12,4.679
2023-04-13,4.692
2023-04-14,4.818
2023-04-17,4.845
2023-04-18,4.826
2023-04-19,4.825
2023-04-20,4.761
2023-04-21,4.776
2023-04-24,4.765
2023-04-25,4.631
2023-04-26,4.663
2023-04-27,4.799
2023-04-28,4.814
2023-05-01,4.871
2023-05-02,4.748
2023-05-03,4.764
2023-05-04,4.633
2023-05-05,4.773
2023-05-08,4.843
2023-05-09,4.864
2023-05-10,4.755
2023-05-11,4.755
2023-05-12,4.799
2023-05-15,4.793
2023-05-16,4.91
2023-05-17,4.926
2023-05-18,5.021
2023-05-19,5.019
2023-05-22,5.071
2023-05-23,5.092
2023-05-24,5.13
2023-05-25,5.236
2023-05-26,5.278
2023-05-29,5.283
2023-05-30,5.25
2023-05-31,5.2
2023-06-01,5.142
2023-06-02,5.25
2023-06-05,5.214
2023-06-06,5.23
2023-06-07,5.188
2023-06-08,5.157
2023-06-09,5.2
2023-06-12,5.221
2023-06-13,5.25
2023-06-14,5.271
2023-06-15,5.221
2023-06-16,5.232
2023-06-19,5.285
2023-06-20,5.24
2023-06-21,5.261
2023-06-22,5.299
2023-06-23,5.256
2023-06-26,5.272
2023-06-27,5.332
2023-06-28,5.342
2023-06-29,5.43
2023-06-30,5.411
2023-07-03,5.44
2023-07-04,5.438
2023-07-05,5.418
2023-07-06,5.45
2023-07-07,5.424
2023-07-10,5.41
2023-07-11,5.414
2023-07-12,5.345
2023-07-13,5.273
2023-07-14,5.329
2023-07-17,5.326
2023-07-18,5.322
2023-07-19,5.322
2023-07-20,5.349
2023-07-21,5.35
2023-07-24,5.385
2023-07-25,5.409
2023-07-26,5.384
2023-07-27,5.402
2023-07-28,5.387
2023-07-31,5.392
2023-08-01,5.399
2023-08-02,5.382
2023-08-03,5.39
2023-08-04,5.347
2023-08-07,5.341
2023-08-08,5.332
2023-08-09,5.353
2023-08-10,5.336
2023-08-11,5.356
2023-08-14,5.378
2023-08-15,5.369
2023-08-16,5.377
2023-08-17,5.373
2023-08-18,5.352
2023-08-21,5.379
2023-08-22,5.398
2023-08-23,5.364
2023-08-24,5.405
2023-08-25,5.447
2023-08-28,5.46
2023-08-29,5.397
2023-08-30,5.404
2023-08-31,5.387
2023-09-01,5.379
2023-09-04,5.396
2023-09-05,5.439
2023-09-06,5.441
2023-09-07,5.408
2023-09-08,5.411
2023-09-11,5.416
2023-09-12,5.421
2023-09-13,5.418
2023-09-14,5.423
2023-09-15,5.432
2023-09-18,5.448
2023-09-19,5.45
2023-09-20,5.466
2023-09-21,5.465
2023-09-22,5.461
2023-09-25,5.466
2023-09-26,5.476
2023-09-27,5.503
2023-09-28,5.478
2023-09-29,5.47
2023-10-02,5.508
2023-10-03,5.497
2023-10-04,5.422
2023-10-05,5.388
2023-10-06,5.427
2023-10-09,5.452
2023-10-10,5.361
2023-10-11,5.382
2023-10-12,5.426
2023-10-13,5.407
2023-10-16,5.423
2023-10-17,5.486
2023-10-18,5.471
2023-10-19,5.449
2023-10-20,5.42
2023-10-23,5.425
2023-10-24,5.44
2023-10-25,5.454
2023-10-26,5.417
2023-10-27,5.416
2023-10-30,5.431
2023-10-31,5.461
2023-11-01,5.389
2023-11-02,5.383
2023-11-03,5.291
2023-11-06,5.334
2023-11-07,5.331
2023-11-08,5.344
2023-11-09,5.39
2023-11-10,5.388
2023-11-13,5.379
2023-11-14,5.25
2023-11-15,5.279
2023-11-16,5.24
2023-11-17,5.253
2023-11-20,5.266
2023-11-21,5.257
2023-11-22,5.28
2023-11-23,5.286
2023-11-24,5.282
2023-11-27,5.267
2023-11-28,5.188
2023-11-29,5.115
2023-11-30,5.142
2023-12-01,5.047
2023-12-04,5.104
2023-12-05,5.071
2023-12-06,5.076
2023-12-07,5.056
2023-12-08,5.142
2023-12-11,5.144
2023-12-12,5.144
2023-12-13,4.955
2023-12-14,4.93
2023-12-15,4.964
2023-12-18,4.979
2023-12-19,4.957
2023-12-20,4.916
2023-12-21,4.866
2023-12-22,4.859
2023-12-25,4.9
2023-12-26,4.837
2023-12-27,4.781
2023-12-28,4.813
2023-12-29,4.77
2024-01-01,4.8
2024-01-02,4.805
2024-01-03,4.816
2024-01-04,4.851
2024-01-05,4.852
2024-01-08,4.838
2024-01-09,4.843
2024-01-10,4.832
2024-01-11,4.777
2024-01-12,4.658
2024-01-15,4.699
2024-01-16,4.731
2024-01-17,4.828
2024-01-18,4.836
2024-01-19,4.873
2024-01-22,4.872
2024-01-23,4.853
2024-01-24,4.825
2024-01-25,4.761
2024-01-26,4.787
2024-01-29,4.77
2024-01-30,4.797
2024-01-31,4.726
2024-02-01,4.698
2024-02-02,4.828
2024-02-05,4.873
2024-02-06,4.829
2024-02-07,4.832
2024-02-08,4.847
2024-02-09,4.873
2024-02-12,4.884
2024-02-13,5.014
2024-02-14,4.962
2024-02-15,4.956
2024-02-16,4.995
2024-02-19,5.014
2024-02-20,4.953
2024-02-21,4.983
2024-02-22,5.015
2024-02-23,5.0
2024-02-26,5.032
2024-02-27,5.04
2024-02-28,5.01
2024-02-29,5.017
2024-03-01,4.937
2024-03-04,4.999
2024-03-05,4.96
2024-03-06,4.971
2024-03-07,4.945
2024-03-08,4.939
2024-03-11,4.971
2024-03-12,5.011
2024-03-13,5.03
2024-03-14,5.067
2024-03-15,5.077
2024-03-18,5.093
2024-03-19,5.092
2024-03-20,4.999
2024-03-21,4.999
2024-03-22,4.973
2024-03-25,4.997
2024-03-26,5.005
2024-03-27,4.999
2024-03-28,5.026
2024-04-01,5.078
2024-04-02,5.064
2024-04-03,5.047
2024-04-04,5.014
2024-04-05,5.061
2024-04-08,5.085
2024-04-09,5.046
2024-04-10,5.204
2024-04-11,5.179
2024-04-12,5.142
2024-04-15,5.177
2024-04-16,5.182
2024-04-17,5.163
2024-04-18,5.185
2024-04-19,5.169
2024-04-22,5.172
2024-04-23,5.144
2024-04-24,5.17
2024-04-25,5.208
2024-04-26,5.207
2024-04-29,5.2
2024-04-30,5.249
2024-05-01,5.208
2024-05-02,5.174
2024-05-03,5.137
2024-05-06,5.134
2024-05-07,5.147
2024-05-08,5.152
2024-05-09,5.141
2024-05-10,5.183
2024-05-13,5.182
2024-05-14,5.176
2024-05-15,5.1
2024-05-16,5.13
2024-05-17,5.134
2024-05-20,5.147
2024-05-21,5.141
2024-05-22,5.165
2024-05-23,5.203
2024-05-24,5.211
2024-05-27,5.228
2024-05-28,5.225
2024-05-29,5.224
2024-05-30,5.199
2024-05-31,5.192
2024-06-03,5.156
2024-06-04,5.128
2024-06-05,5.1
2024-06-06,5.097
2024-06-07,5.188
2024-06-10,5.188
2024-06-11,5.179
2024-06-12,5.117
2024-06-13,5.064
2024-06-14,5.06
2024-06-17,5.111
2024-06-18,5.091
2024-06-19,5.097
2024-06-20,5.113
2024-06-21,5.111
2024-06-24,5.108
2024-06-25,5.113
2024-06-26,5.142
2024-06-27,5.112
2024-06-28,5.107
2024-07-01,5.126
2024-07-02,5.09
2024-07-03,5.054
2024-07-04,5.054
2024-07-05,5.006
2024-07-08,5.014
2024-07-09,5.04
2024-07-10,5.008
2024-07-11,4.903
2024-07-12,4.877
2024-07-15,4.847
2024-07-16,4.852
2024-07-17,4.852
2024-07-18,4.867
2024-07-19,4.88
2024-07-22,4.895
2024-07-23,4.879
2024-07-24,4.845
2024-07-25,4.85
2024-07-26,4.811
2024-07-29,4.819
2024-07-30,4.802
2024-07-31,4.793
2024-08-01,4.658
2024-08-02,4.365
2024-08-05,4.402
2024-08-06,4.504
2024-08-07,4.442
2024-08-08,4.485
2024-08-09,4.489
2024-08-12,4.47
2024-08-13,4.41
2024-08-14,4.426
2024-08-15,4.531
2024-08-16,4.503
2024-08-19,4.502
2024-08-20,4.453
2024-08-21,4.385
2024-08-22,4.455
2024-08-23,4.378
2024-08-26,4.413
2024-08-27,4.38
2024-08-28,4.399
2024-08-29,4.417
2024-08-30,4.418
2024-09-02,4.48
2024-09-03,4.391
2024-09-04,4.229
2024-09-05,4.209
2024-09-06,4.111
2024-09-09,4.127
2024-09-10,4.068
2024-09-11,4.127
2024-09-12,4.107
2024-09-13,4.012
2024-09-16,3.977
2024-09-17,4.004
2024-09-18,3.971
2024-09-19,3.973
2024-09-20,3.951
2024-09-23,3.932
2024-09-24,3.905
2024-09-25,3.921
2024-09-26,3.985
2024-09-27,3.944
2024-09-30,4.024
2024-10-01,3.991
2024-10-02,3.962
2024-10-03,4.01
2024-10-04,4.192
2024-10-07,4.24
2024-10-08,4.21
2024-10-09,4.253
2024-10-10,4.226
2024-10-11,4.203
2024-10-14,4.208
2024-10-15,4.189
2024-10-16,4.178
2024-10-17,4.226
2024-10-18,4.203
2024-10-21,4.254
2024-10-22,4.256
2024-10-23,4.288
2024-10-24,4.264
2024-10-25,4.295
2024-10-28,4.303
2024-10-29,4.278
2024-10-30,4.28
2024-10-31,4.27
2024-11-01,4.273
2024-11-04,4.248
2024-11-05,4.252
2024-11-06,4.314
2024-11-07,4.268
2024-11-08,4.311
2024-11-12,4.37
2024-11-13,4.299
2024-11-14,4.363
2024-11-15,4.33
2024-11-18,4.332
2024-11-19,4.344
2024-11-20,4.368
2024-11-21,4.39
2024-11-22,4.411
2024-11-25,4.371
2024-11-26,4.367
2024-11-27,4.33
2024-11-29,4.291
2024-12-02,4.283
2024-12-03,4.262
2024-12-04,4.224
2024-12-05,4.229
2024-12-06,4.186
2024-12-09,4.195
2024-12-10,4.211
2024-12-11,4.201
2024-12-12,4.224
2024-12-13,4.239
2024-12-16,4.241
2024-12-17,4.247
2024-12-18,4.291
2024-12-19,4.259
2024-12-20,4.251
2024-12-23,4.222
2024-12-24,4.232
2024-12-26,4.219
2024-12-27,4.19
2024-12-30,4.16
2024-12-31,4.148
2025-01-02,4.153
2025-01-03,4.171
2025-01-06,4.163
2025-01-07,4.183
2025-01-08,4.172
2025-01-09,4.155
2025-01-10,4.223
2025-01-13,4.222
2025-01-14,4.207
2025-01-15,4.174
2025-01-16,4.17
2025-01-17,4.206
2025-01-21,4.187
2025-01-22,4.196
2025-01-23,4.177
2025-01-24,4.164
2025-01-27,4.131
2025-01-28,4.13
2025-01-29,4.161
2025-01-30,4.158
2025-01-31,4.155
2025-02-03,4.193
2025-02-04,4.178
2025-02-05,4.167
2025-02-06,4.182
2025-02-07,4.232
2025-02-10,4.233
2025-02-11,4.243
2025-02-12,4.283
2025-02-13,4.261
2025-02-14,4.219
2025-02-18,4.231
2025-02-19,4.213
2025-02-20,4.199
2025-02-21,4.157
2025-02-24,4.149
2025-02-25,4.116
2025-02-26,4.116
2025-02-27,4.115
2025-02-28,4.079
2025-03-03,4.05
2025-03-04,4.065
2025-03-05,4.072
2025-03-06,4.019
2025-03-07,4.053
2025-03-10,3.987
2025-03-11,4.031
2025-03-12,4.057
2025-03-13,4.034
2025-03-14,4.077
2025-03-17,4.109
2025-03-18,4.126
2025-03-19,4.089
2025-03-20,4.06
2025-03-21,4.033
2025-03-24,4.103
2025-03-25,4.092
2025-03-26,4.102
2025-03-27,4.098
2025-03-28,4.035
2025-03-31,4.027
2025-04-01,4.012
2025-04-02,4.011
2025-04-03,3.91
2025-04-04,3.831
2025-04-07,3.913
2025-04-08,3.849
2025-04-09,4.028
2025-04-10,3.971
2025-04-11,4.029
2025-04-14,3.997
2025-04-15,4.01
2025-04-16,3.947
2025-04-17,3.974
2025-04-21,3.951
2025-04-22,3.975
2025-04-23,4.012
2025-04-24,3.97
2025-04-25,3.951
2025-04-28,3.922
2025-04-29,3.899
2025-04-30,3.866
2025-05-01,3.927
2025-05-02,4.002
2025-05-05,4.023
2025-05-06,3.995
2025-05-07,3.998
2025-05-08,4.062
2025-05-09,4.059
2025-05-12,4.117
2025-05-13,4.117
2025-05-14,4.136
2025-05-15,4.094
2025-05-16,4.125
2025-05-19,4.116
2025-05-20,4.113
2025-05-21,4.124
2025-05-22,4.128
2025-05-23,4.136
2025-05-26,4.154
2025-05-27,4.141
2025-05-28,4.159
2025-05-29,4.132
2025-05-30,4.109
2025-06-02,4.122
2025-06-03,4.121
2025-06-04,4.068
2025-06-05,4.069
2025-06-06,4.145
2025-06-09,4.139
2025-06-10,4.121
2025-06-11,4.072
2025-06-12,4.061
2025-06-13,4.074
2025-06-16,4.099
2025-06-17,4.101
2025-06-18,4.086
2025-06-19,4.123
2025-06-20,4.067
2025-06-23,4.019
2025-06-24,4.017
2025-06-25,3.984
2025-06-26,3.963
2025-06-27,3.972
2025-06-30,3.967
2025-07-01,3.999
2025-07-02,3.997
2025-07-03,4.077
2025-07-07,4.085
2025-07-08,4.117
2025-07-09,4.072
2025-07-10,4.072
2025-07-11,4.093
2025-07-14,4.084
2025-07-15,4.119
2025-07-16,4.075
2025-07-17,4.105
2025-07-18,4.077
2025-07-21,4.074
2025-07-22,4.063
2025-07-23,4.084
2025-07-24,4.11
2025-07-25,4.101
2025-07-28,4.101
2025-07-29,4.087
2025-07-30,4.146
2025-07-31,4.121
2025-08-01,3.895
2025-08-04,3.852
2025-08-05,3.921
2025-08-06,3.9
2025-08-07,3.919
2025-08-08,3.926
2025-08-11,3.928
2025-08-12,3.898
2025-08-13,3.858
2025-08-14,3.911
2025-08-15,3.926
2025-08-18,3.937
2025-08-19,3.92
2025-08-20,3.912
2025-08-21,3.965
2025-08-22,3.879
2025-08-25,3.9
2025-08-26,3.87
2025-08-27,3.846
2025-08-28,3.867
2025-08-29,3.852
2025-09-01,3.863
2025-09-02,3.841
2025-09-03,3.772
2025-09-04,3.758
2025-09-05,3.647
2025-09-08,3.636
2025-09-09,3.679
2025-09-10,3.66
2025-09-11,3.635
2025-09-12,3.667
2025-09-15,3.645
2025-09-16,3.626
2025-09-17,3.605
2025-09-18,3.618
2025-09-19,3.609
2025-09-21,3.606
2025-09-22,3.601
