country,series_code,train_r_squared,test_r_squared,train_nobs,test_nobs,top_contributions
USA,CPIAUCSL,0.0914487284593225,-0.3729807207357376,3942,1690,CSUSHPISA:0.0664;GDPC1:0.0605;UNRATE:-0.0149;IRLTLT01USM156N:0.0052;MORTGAGE30US:0.0030;EUR_USD:0.0017;DFF:0.0001;USA_beta1:0.0000;USA_beta2:-0.0000;USA_beta0:0.0000
USA,VIXCLS,0.0002944042887247367,-0.00040807362322214935,3942,1690,CPIAUCSL:0.0329;MORTGAGE30US:-0.0275;GDPC1:0.0041;EUR_USD:0.0037;UNRATE:0.0014;CSUSHPISA:-0.0013;IRLTLT01USM156N:0.0003;USA_beta1:-0.0002;DFF:-0.0002;USA_beta2:-0.0001
USA,GDPC1,0.15879244846926843,0.471172337716513,3942,1690,CSUSHPISA:0.1270;CPIAUCSL:0.0782;UNRATE:-0.0306;EUR_USD:-0.0028;IRLTLT01USM156N:0.0017;DFF:0.0012;MORTGAGE30US:0.0005;USA_beta1:0.0000;USA_beta2:-0.0000;USA_beta0:-0.0000
USA,BAMLC0A4CBBB,0.006884038238191725,-0.015160679276112532,3942,1690,CPIAUCSL:-0.3624;CSUSHPISA:-0.1468;GDPC1:-0.1421;MORTGAGE30US:-0.0265;UNRATE:0.0243;EUR_USD:-0.0219;IRLTLT01USM156N:-0.0190;USA_beta1:-0.0010;DFF:-0.0004;USA_beta2:0.0000
USA,UNRATE,0.11175916068202107,0.06495090960950911,3942,1690,CPIAUCSL:-0.8252;GDPC1:-0.7943;CSUSHPISA:-0.5197;IRLTLT01USM156N:-0.0206;DFF:-0.0050;EUR_USD:0.0029;MORTGAGE30US:-0.0001;USA_beta1:0.0000;USA_beta2:-0.0000;USA_beta0:-0.0000
Germany,DEUCPIALLMINMEI,0.06443958134045302,-0.012974728073283037,5980,2563,MABMM301EZM189S:0.0598;NAEXKP01DEQ661S:0.0312;LRHUTTTTDEM156S:0.0202;DEU_beta0:0.0005;DEU_beta1:-0.0001;DEU_beta2:0.0000
Germany,BAMLC0A4CBBB,0.05171933327839173,0.0779311972572414,4884,2094,DEU_beta0:-0.2246;DEUCPIALLMINMEI:-0.1289;DEU_beta1:0.0363;NAEXKP01DEQ661S:0.0117;MABMM301EZM189S:-0.0108;LRHUTTTTDEM156S:0.0001;DEU_beta2:-0.0001
Germany,TEDRATE,0.006738293960717234,0.005174713587145385,5717,2451,DEU_beta0:-0.5692;MABMM301EZM189S:0.1028;NAEXKP01DEQ661S:0.0860;DEU_beta1:0.0745;DEUCPIALLMINMEI:0.0233;LRHUTTTTDEM156S:-0.0125;DEU_beta2:-0.0000
Germany,NAEXKP01DEQ661S,0.028033409547808974,0.011662708483924256,5980,2563,DEUCPIALLMINMEI:0.0807;LRHUTTTTDEM156S:-0.0401;MABMM301EZM189S:0.0399;DEU_beta0:0.0005;DEU_beta1:-0.0001;DEU_beta2:-0.0000
France,LRHUTTTTFRM156S,0.0,-0.0006496331317931148,6117,2622,OAT_Bund_Spread:0.0000;FRACPIALLMINMEI:0.0000;MABMM301EZM189S:0.0000;NAEXKP01FRQ661S:0.0000;FRA_Equity:0.0000;FRA_beta0:0.0000;FRA_beta1:0.0000;FRA_beta2:0.0000
France,OAT_Bund_Spread,0.0,-0.010723728570268376,6117,2622,NAEXKP01FRQ661S:0.0000;FRACPIALLMINMEI:-0.0000;LRHUTTTTFRM156S:-0.0000;MABMM301EZM189S:-0.0000;FRA_Equity:-0.0000;FRA_beta0:-0.0000;FRA_beta2:-0.0000;FRA_beta1:-0.0000
France,FRACPIALLMINMEI,0.03146344822367464,0.004138542924198907,6117,2622,NAEXKP01FRQ661S:0.0487;MABMM301EZM189S:0.0362;LRHUTTTTFRM156S:-0.0131;FRA_Equity:0.0022;FRA_beta0:-0.0006;OAT_Bund_Spread:-0.0002;FRA_beta1:0.0001;FRA_beta2:0.0000
France,NAEXKP01FRQ661S,0.03427639632056567,-0.07047575998826772,6117,2622,LRHUTTTTFRM156S:-0.0570;FRACPIALLMINMEI:0.0480;MABMM301EZM189S:0.0091;FRA_Equity:-0.0008;FRA_beta0:0.0001;OAT_Bund_Spread:0.0000;FRA_beta1:-0.0000;FRA_beta2:-0.0000
Italy,LRHUTTTTDEM156S,0.06214312396265409,0.032764091524497,3359,1440,NAEXKP01FRQ661S:-0.0852;ITACPIALLMINMEI:-0.0616;NAEXKP01ITQ661S:-0.0605;NAEXKP01ESQ661S:-0.0600;GDPC1:-0.0548;NAEXKP01DEQ661S:-0.0486;CPIAUCSL:-0.0392;DEUCPIALLMINMEI:-0.0345;FRACPIALLMINMEI:-0.0264;MABMM301EZM189S:-0.0194
Italy,ITA_beta0,0.4330284078438523,0.26922555910780444,3359,1440,FRACPIALLMINMEI:0.1023;NAEXKP01FRQ661S:-0.1001;GDPC1:-0.0752;DEUCPIALLMINMEI:0.0591;MABMM301EZM189S:-0.0571;BAMLC0A3CAEY:0.0545;CPIAUCSL:0.0535;NAEXKP01DEQ661S:-0.0493;BAMLC0A1CAAAEY:0.0366;BAMLC0A4CBBB:-0.0330
Italy,DEUCPIALLMINMEI,0.36449098771155897,0.4235910817190667,3359,1440,ITACPIALLMINMEI:0.2345;FRACPIALLMINMEI:0.1736;CPIAUCSL:0.1385;ESPCPIALLMINMEI:0.0853;MABMM301EZM189S:0.0541;LRHUTTTTDEM156S:-0.0210;NAEXKP01ITQ661S:-0.0125;NAEXKP01DEQ661S:0.0093;GDPC1:0.0084;LRHUTTTTFRM156S:-0.0069
Italy,OAT_Bund_Spread,0.02048029127677553,-0.11582976022285019,3359,1440,ITACPIALLMINMEI:1.5619;FRACPIALLMINMEI:1.3017;DEUCPIALLMINMEI:1.0060;CPIAUCSL:0.8303;ESPCPIALLMINMEI:0.5638;NAEXKP01FRQ661S:-0.5533;NAEXKP01ITQ661S:-0.4973;NAEXKP01ESQ661S:-0.4400;MABMM301EZM189S:0.3665;GDPC1:-0.3377
Italy,ITACPIALLMINMEI,0.44421511250129797,0.31728740350134277,3359,1440,FRACPIALLMINMEI:0.1193;DEUCPIALLMINMEI:0.1017;CPIAUCSL:0.0864;ESPCPIALLMINMEI:0.0592;MABMM301EZM189S:0.0430;LRHUTTTTDEM156S:-0.0153;NAEXKP01DEQ661S:0.0096;NAEXKP01FRQ661S:0.0066;LRHUTTTTFRM156S:-0.0047;NAEXKP01ESQ661S:0.0046
Italy,ITA_beta2,0.02257913226626218,-0.001004655551645195,3359,1440,ITACPIALLMINMEI:-0.6769;NAEXKP01ITQ661S:0.5592;NAEXKP01FRQ661S:0.4328;NAEXKP01ESQ661S:0.4280;FRACPIALLMINMEI:-0.3938;MABMM301EZM189S:-0.3845;ITA_beta0:0.3644;GDPC1:0.3003;DEUCPIALLMINMEI:-0.2624;LRHUTTTTESM156S:-0.2595
Italy,BAMLC0A0CM,0.3631366878642728,0.4135592424910345,3359,1440,FRACPIALLMINMEI:0.2255;ITA_beta0:-0.1769;NAEXKP01FRQ661S:-0.1660;DEUCPIALLMINMEI:0.1217;CPIAUCSL:0.1173;GDPC1:-0.1127;MABMM301EZM189S:-0.1114;NAEXKP01ESQ661S:-0.0870;NAEXKP01DEQ661S:-0.0815;BAMLC0A4CBBB:0.0771
Italy,TEDRATE,0.028796698393793396,0.008064168302690189,3359,1440,ITA_beta0:-0.5236;NAEXKP01FRQ661S:-0.5206;MABMM301EZM189S:-0.3840;FRACPIALLMINMEI:0.3677;GDPC1:-0.3005;NAEXKP01ESQ661S:-0.2605;NAEXKP01DEQ661S:-0.2234;LRHUTTTTESM156S:-0.2197;LRHUTTTTFRM156S:-0.2163;CPIAUCSL:0.1992
Italy,NAEXKP01DEQ661S,0.5584356730026401,0.5594470607421099,3359,1440,NAEXKP01FRQ661S:0.3148;NAEXKP01ESQ661S:0.2250;GDPC1:0.2118;NAEXKP01ITQ661S:0.2077;ITACPIALLMINMEI:0.0816;MABMM301EZM189S:0.0593;CPIAUCSL:0.0571;LRHUTTTTDEM156S:-0.0364;FRACPIALLMINMEI:-0.0324;LRHUTTTTFRM156S:-0.0311
Italy,BAMLC0A3CAEY,0.2582299718949792,-0.11500761339385757,3359,1440,CPIAUCSL:0.3350;FRACPIALLMINMEI:0.3255;ITA_beta0:0.2965;DEUCPIALLMINMEI:0.2113;MABMM301EZM189S:-0.2064;NAEXKP01FRQ661S:-0.1540;ITACPIALLMINMEI:0.1182;BAMLC0A4CBBB:-0.1129;BAMLC0A0CM:-0.1044;LRHUTTTTESM156S:-0.1036
Italy,Bonos_Bund_Spread,0.0,-0.013824205696932879,3359,1440,LRHUTTTTDEM156S:0.0000;DEUCPIALLMINMEI:0.0000;ITACPIALLMINMEI:0.0000;BAMLC0A0CM:0.0000;TEDRATE:0.0000;BAMLC0A3CAEY:0.0000;NAEXKP01DEQ661S:0.0000;GDPC1:0.0000;IRLTLT01USM156N:0.0000;LRHUTTTTESM156S:0.0000
Italy,GDPC1,0.3825458857066416,0.9113970035979918,3359,1440,NAEXKP01FRQ661S:0.1773;NAEXKP01ITQ661S:0.1331;NAEXKP01ESQ661S:0.1266;NAEXKP01DEQ661S:0.1008;ITACPIALLMINMEI:0.0327;MABMM301EZM189S:0.0279;LRHUTTTTFRM156S:-0.0213;CPIAUCSL:0.0200;FRACPIALLMINMEI:-0.0177;LRHUTTTTDEM156S:-0.0168
Italy,LRHUTTTTESM156S,0.2372970545045081,-9.234821964568063,3359,1440,NAEXKP01FRQ661S:-0.5554;NAEXKP01ITQ661S:-0.4315;NAEXKP01ESQ661S:-0.4127;GDPC1:-0.3464;NAEXKP01DEQ661S:-0.3013;FRACPIALLMINMEI:0.2697;ITACPIALLMINMEI:0.1725;DEUCPIALLMINMEI:0.1384;LRHUTTTTFRM156S:0.0909;CPIAUCSL:0.0835
Italy,IRLTLT01USM156N,0.05973861998904073,-0.042744383504112804,3359,1440,FRACPIALLMINMEI:0.9955;ITACPIALLMINMEI:0.8876;DEUCPIALLMINMEI:0.7506;CPIAUCSL:0.5114;NAEXKP01FRQ661S:-0.4964;ESPCPIALLMINMEI:0.4025;GDPC1:-0.3575;NAEXKP01ESQ661S:-0.2908;NAEXKP01ITQ661S:-0.2252;NAEXKP01DEQ661S:-0.1957
Italy,DAX,0.5739215677668816,0.34124760258072073,3359,1440,CPIAUCSL:0.3882;ITACPIALLMINMEI:0.2914;FRACPIALLMINMEI:0.2414;BAMLC0A0CM:-0.2030;NAEXKP01FRQ661S:-0.1986;DEUCPIALLMINMEI:0.1938;BAMLC0A4CBBB:-0.1868;IBEX_35:0.1552;ITA_Equity:0.1478;SP500:0.1396
Italy,MABMM301EZM189S,0.13692312017957764,-0.009558805936253245,3359,1440,ITACPIALLMINMEI:0.1258;FRACPIALLMINMEI:0.0893;DEUCPIALLMINMEI:0.0768;CPIAUCSL:0.0730;ESPCPIALLMINMEI:0.0418;NAEXKP01FRQ661S:0.0251;NAEXKP01DEQ661S:0.0178;GDPC1:0.0174;NAEXKP01ESQ661S:0.0128;NAEXKP01ITQ661S:0.0122
Italy,DFF,0.016570143962333583,-0.02632613692190655,3359,1440,NAEXKP01FRQ661S:1.2654;ITACPIALLMINMEI:1.0093;NAEXKP01ESQ661S:0.8883;NAEXKP01ITQ661S:0.8791;GDPC1:0.8101;NAEXKP01DEQ661S:0.7172;CPIAUCSL:0.6343;DEUCPIALLMINMEI:0.5615;FRACPIALLMINMEI:0.4504;MABMM301EZM189S:0.3232
Italy,CPIAUCSL,0.3186783479536598,0.5353289435109824,3359,1440,ITACPIALLMINMEI:0.1913;FRACPIALLMINMEI:0.1470;DEUCPIALLMINMEI:0.1263;ESPCPIALLMINMEI:0.0706;MABMM301EZM189S:0.0521;NAEXKP01DEQ661S:0.0214;NAEXKP01FRQ661S:0.0210;LRHUTTTTDEM156S:-0.0185;GDPC1:0.0133;NAEXKP01ESQ661S:0.0131
Italy,ITA_Equity,0.5660911552935366,0.2736053741154407,3359,1440,CPIAUCSL:0.3686;ITACPIALLMINMEI:0.2494;BAMLC0A0CM:-0.2333;BAMLC0A4CBBB:-0.2161;NAEXKP01FRQ661S:-0.2057;DAX:0.1889;FRACPIALLMINMEI:0.1887;IBEX_35:0.1691;MABMM301EZM189S:-0.1658;SP500:0.1620
Italy,EUR_USD,0.02588290339043664,-0.1242660587985922,3359,1440,NAEXKP01FRQ661S:-0.0554;ITA_beta0:-0.0416;MABMM301EZM189S:-0.0346;CPIAUCSL:0.0319;LRHUTTTTFRM156S:-0.0306;NAEXKP01ESQ661S:-0.0292;DAX:0.0287;FRACPIALLMINMEI:0.0281;IBEX_35:0.0265;LRHUTTTTESM156S:-0.0257
Italy,UNRATE,0.14845936393973835,0.1853333838514596,3359,1440,NAEXKP01FRQ661S:-0.4814;NAEXKP01ITQ661S:-0.4433;NAEXKP01ESQ661S:-0.3913;GDPC1:-0.2903;NAEXKP01DEQ661S:-0.2501;LRHUTTTTESM156S:0.1356;LRHUTTTTFRM156S:0.1226;CPIAUCSL:-0.0988;MABMM301EZM189S:0.0973;ITACPIALLMINMEI:0.0948
Italy,BAMLH0A1HYBB,0.6177243335984501,0.6035527743770974,3359,1440,ITA_beta0:-0.7025;FRACPIALLMINMEI:0.3665;NAEXKP01FRQ661S:-0.2446;DEUCPIALLMINMEI:0.2315;BAMLC0A3CAEY:-0.2237;BAMLC0A4CBBB:0.2177;BAMLC0A0CM:0.2035;BAMLH0A0HYM2:0.1771;MABMM301EZM189S:-0.1731;GDPC1:-0.1623
Italy,NAEXKP01FRQ661S,0.6361809167858563,0.6654373767175635,3359,1440,NAEXKP01ESQ661S:0.1443;NAEXKP01ITQ661S:0.1422;GDPC1:0.1252;NAEXKP01DEQ661S:0.1092;MABMM301EZM189S:0.0343;FRACPIALLMINMEI:-0.0340;ITACPIALLMINMEI:0.0235;LRHUTTTTFRM156S:-0.0220;LRHUTTTTDEM156S:-0.0197;LRHUTTTTESM156S:-0.0158
Italy,LRHUTTTTFRM156S,0.12889503322287332,-1.2531675442109536,3359,1440,NAEXKP01FRQ661S:-0.2163;NAEXKP01ITQ661S:-0.1688;NAEXKP01ESQ661S:-0.1588;GDPC1:-0.1496;CPIAUCSL:-0.1188;NAEXKP01DEQ661S:-0.1183;ITACPIALLMINMEI:-0.1034;DEUCPIALLMINMEI:-0.0677;LRHUTTTTESM156S:0.0502;FRACPIALLMINMEI:-0.0483
Italy,IBEX_35,0.5505178219155196,0.19635474075161663,3359,1440,CPIAUCSL:0.3428;BAMLC0A0CM:-0.2190;ITACPIALLMINMEI:0.2173;BAMLC0A4CBBB:-0.2023;NAEXKP01FRQ661S:-0.1895;DAX:0.1785;MABMM301EZM189S:-0.1768;NAEXKP01ITQ661S:-0.1547;NAEXKP01ESQ661S:-0.1535;ITA_Equity:0.1523
Italy,BAMLH0A0HYM2,0.6760907399568801,0.6294953227557969,3359,1440,ITA_beta0:-0.5857;FRACPIALLMINMEI:0.3616;NAEXKP01FRQ661S:-0.2870;DEUCPIALLMINMEI:0.2163;BAMLC0A4CBBB:0.1892;MABMM301EZM189S:-0.1878;GDPC1:-0.1866;BAMLC0A3CAEY:-0.1833;BAMLC0A0CM:0.1806;NAEXKP01ESQ661S:-0.1610
Italy,NAEXKP01ESQ661S,0.5785697978888993,0.8242491483758198,3359,1440,NAEXKP01FRQ661S:0.2526;NAEXKP01ITQ661S:0.1743;GDPC1:0.1595;NAEXKP01DEQ661S:0.1378;FRACPIALLMINMEI:-0.0543;ITACPIALLMINMEI:0.0276;LRHUTTTTFRM156S:-0.0273;LRHUTTTTESM156S:-0.0242;MABMM301EZM189S:0.0213;LRHUTTTTDEM156S:-0.0212
Italy,ESPCPIALLMINMEI,0.32792406427044274,0.3115212645158061,3359,1440,ITACPIALLMINMEI:0.3887;FRACPIALLMINMEI:0.2648;DEUCPIALLMINMEI:0.2414;CPIAUCSL:0.2175;MABMM301EZM189S:0.0898;LRHUTTTTDEM156S:-0.0357;NAEXKP01ITQ661S:-0.0237;NAEXKP01ESQ661S:-0.0096;NAEXKP01DEQ661S:0.0094;LRHUTTTTESM156S:0.0086
Italy,FRACPIALLMINMEI,0.5087965161266079,-0.6891394090277865,3359,1440,ITACPIALLMINMEI:0.2744;DEUCPIALLMINMEI:0.1670;CPIAUCSL:0.1635;ESPCPIALLMINMEI:0.0879;MABMM301EZM189S:0.0657;NAEXKP01ITQ661S:-0.0486;NAEXKP01ESQ661S:-0.0305;NAEXKP01FRQ661S:-0.0282;LRHUTTTTDEM156S:-0.0245;NAEXKP01DEQ661S:-0.0094
Italy,VIXCLS,0.3254638393305501,0.23154835474751478,3359,1440,CPIAUCSL:-0.7239;NAEXKP01FRQ661S:0.6589;DAX:-0.6281;ITACPIALLMINMEI:-0.6189;IBEX_35:-0.5770;ITA_Equity:-0.5499;SP500:-0.5467;FRACPIALLMINMEI:-0.5081;DEUCPIALLMINMEI:-0.4847;BAMLC0A0CM:0.4429
Italy,ITA_beta1,0.0,-0.010896704538109203,3359,1440,NAEXKP01FRQ661S:0.0000;FRACPIALLMINMEI:-0.0000;MABMM301EZM189S:0.0000;GDPC1:0.0000;CPIAUCSL:-0.0000;NAEXKP01DEQ661S:0.0000;LRHUTTTTESM156S:0.0000;NAEXKP01ESQ661S:0.0000;DEUCPIALLMINMEI:-0.0000;LRHUTTTTFRM156S:0.0000
Italy,LRHUTTTTITM156S,0.05618096001958084,-0.9675113713606107,3359,1440,NAEXKP01FRQ661S:-0.2922;NAEXKP01ITQ661S:-0.2325;NAEXKP01ESQ661S:-0.2171;GDPC1:-0.1945;NAEXKP01DEQ661S:-0.1606;CPIAUCSL:-0.0842;LRHUTTTTFRM156S:0.0557;LRHUTTTTESM156S:0.0557;ITACPIALLMINMEI:-0.0460;UNRATE:0.0297
Italy,BTP_Bund_Spread,0.0,-0.000509619306473752,3359,1440,ITACPIALLMINMEI:0.0000;FRACPIALLMINMEI:0.0000;DEUCPIALLMINMEI:0.0000;CPIAUCSL:0.0000;NAEXKP01FRQ661S:-0.0000;ESPCPIALLMINMEI:0.0000;NAEXKP01ITQ661S:-0.0000;NAEXKP01ESQ661S:-0.0000;MABMM301EZM189S:0.0000;GDPC1:-0.0000
Italy,DCOILBRENTEU,0.1047914853989047,0.08160145827791987,3359,1440,ITACPIALLMINMEI:0.2933;CPIAUCSL:0.1940;DEUCPIALLMINMEI:0.1564;FRACPIALLMINMEI:0.1356;DAX:0.1095;IBEX_35:0.1007;ITA_Equity:0.0960;SP500:0.0935;ESPCPIALLMINMEI:0.0905;GDPC1:0.0898
Italy,BAMLC0A4CBBB,0.3436834993073471,0.3822797267322461,3359,1440,NAEXKP01FRQ661S:-0.2280;ITA_beta0:-0.1892;FRACPIALLMINMEI:0.1862;GDPC1:-0.1467;NAEXKP01ESQ661S:-0.1354;NAEXKP01DEQ661S:-0.1176;MABMM301EZM189S:-0.1142;NAEXKP01ITQ661S:-0.0839;DEUCPIALLMINMEI:0.0805;CPIAUCSL:0.0786
Italy,NAEXKP01ITQ661S,0.4878215819401225,0.8460635674753878,3359,1440,NAEXKP01FRQ661S:0.2129;NAEXKP01ESQ661S:0.1501;GDPC1:0.1451;NAEXKP01DEQ661S:0.1108;FRACPIALLMINMEI:-0.0618;LRHUTTTTESM156S:-0.0251;LRHUTTTTFRM156S:-0.0250;DEUCPIALLMINMEI:-0.0184;CPIAUCSL:0.0160;LRHUTTTTDEM156S:-0.0157
Italy,SP500,0.3226515084198176,0.26419836446085376,3359,1440,FRACPIALLMINMEI:0.2954;CPIAUCSL:0.2942;ITACPIALLMINMEI:0.2467;DEUCPIALLMINMEI:0.2274;NAEXKP01FRQ661S:-0.2237;NAEXKP01ESQ661S:-0.1313;ESPCPIALLMINMEI:0.1197;DAX:0.1090;MABMM301EZM189S:-0.1062;NAEXKP01DEQ661S:-0.1009
Italy,BAMLC0A1CAAAEY,0.31098617713455823,-0.2609364740942448,3359,1440,FRACPIALLMINMEI:0.6355;CPIAUCSL:0.5877;ITA_beta0:0.5280;NAEXKP01FRQ661S:-0.4274;DEUCPIALLMINMEI:0.3835;MABMM301EZM189S:-0.3648;NAEXKP01DEQ661S:-0.2393;ITACPIALLMINMEI:0.2323;GDPC1:-0.2143;NAEXKP01ESQ661S:-0.2039
Italy,CSUSHPISA,0.2412619186580821,-2.463400907056144,3359,1440,NAEXKP01ITQ661S:0.1062;NAEXKP01FRQ661S:0.0930;NAEXKP01ESQ661S:0.0834;CPIAUCSL:0.0650;GDPC1:0.0623;NAEXKP01DEQ661S:0.0551;LRHUTTTTESM156S:-0.0468;LRHUTTTTFRM156S:-0.0446;DEUCPIALLMINMEI:0.0420;FRACPIALLMINMEI:0.0402
Italy,MORTGAGE30US,0.0,-0.0021173505887088773,3359,1440,ITACPIALLMINMEI:0.0000;NAEXKP01FRQ661S:0.0000;CPIAUCSL:0.0000;ITA_beta0:0.0000;NAEXKP01ESQ661S:0.0000;GDPC1:0.0000;DEUCPIALLMINMEI:0.0000;NAEXKP01ITQ661S:0.0000;FRACPIALLMINMEI:0.0000;NAEXKP01DEQ661S:0.0000
Spain,Bonos_Bund_Spread,0.00511249839690775,-3.9997417637468358,5249,2250,NAEXKP01ESQ661S:-8.1595;ESPCPIALLMINMEI:-3.3535;MABMM301EZM189S:-2.3145;LRHUTTTTESM156S:2.2440;ESP_beta0:-0.2393;ESP_beta2:-0.0035;ESP_beta1:-0.0001
Spain,NAEXKP01ESQ661S,0.14682324773708288,0.013255960114859855,5249,2250,ESPCPIALLMINMEI:0.1134;MABMM301EZM189S:0.0676;LRHUTTTTESM156S:-0.0652;ESP_beta0:-0.0169;Bonos_Bund_Spread:0.0001;ESP_beta2:-0.0000;ESP_beta1:0.0000
Spain,ESPCPIALLMINMEI,0.15907494832021463,-0.257265649678619,5249,2250,MABMM301EZM189S:0.2411;NAEXKP01ESQ661S:0.1347;ESP_beta0:-0.0062;LRHUTTTTESM156S:0.0012;ESP_beta2:0.0003;Bonos_Bund_Spread:-0.0001;ESP_beta1:-0.0000
Spain,LRHUTTTTESM156S,0.10010988660566178,-1.5162115271256287,5249,2250,NAEXKP01ESQ661S:-0.7896;MABMM301EZM189S:-0.1148;ESP_beta0:0.0873;ESPCPIALLMINMEI:-0.0656;ESP_beta2:-0.0034;Bonos_Bund_Spread:0.0007;ESP_beta1:-0.0000
